ETH Address, Tier, Wave, Is Promoted
0x007c...f7bc,1,1,false
0x0324...5df3,2,1,false
0x0367...6e84,1,1,false
0x039e...37d9,1,1,false
0x04a7...5e6d,1,1,false
0x04e3...2bda,2,1,false
0x04f8...bb6e,1,1,false
0x04fd...4327,1,1,false
0x0826...177e,2,1,false
0x0827...b724,2,1,false
0x0862...de9c,2,1,false
0x0901...2aeb,2,1,false
0x09ff...bbf6,2,1,false
0x0a16...68d5,2,1,false
0x0b88...6e8e,2,1,false
0x0c09...a31d,1,1,false
0x0c21...4fa5,2,1,false
0x0c7b...9b00,1,1,false
0x0ea7...8db3,2,1,false
0x0ee4...ad4f,2,1,false
0x0f22...1319,2,1,false
0x1051...f42e,1,1,false
0x111a...bc54,2,1,false
0x112c...b22d,2,1,false
0x12c5...21bc,2,1,false
0x12ce...d467,1,1,false
0x138f...e1b3,2,1,false
0x1552...eb2c,2,1,false
0x189f...e2c2,2,1,false
0x1940...bf33,1,1,false
0x197e...9c07,2,1,false
0x1a34...da29,2,1,false
0x1a7f...03df,1,1,false
0x1aa0...cabe,1,1,false
0x1b95...4358,2,1,false
0x1c78...fbbc,2,1,false
0x1cc1...dff9,2,1,false
0x1df3...2a7a,2,1,false
0x1fa4...db84,2,1,false
0x2050...8d64,2,1,false
0x206d...d805,2,1,false
0x20ca...69d1,2,1,false
0x21ec...4b85,2,1,false
0x22a1...bfee,2,1,false
0x2311...a996,2,1,false
0x239d...d963,2,1,false
0x23eb...748e,2,1,false
0x2462...489e,2,1,false
0x253e...e5a1,2,1,false
0x2669...1f14,2,1,false
0x278d...589b,1,1,false
0x278f...0ae2,1,1,false
0x27d1...492c,2,1,false
0x2842...58f2,2,1,false
0x28cd...821f,2,1,false
0x2946...debe,2,1,false
0x2954...36c9,2,1,false
0x2992...3513,1,1,false
0x2a51...92bb,2,1,false
0x2a9b...b53b,2,1,false
0x2b17...3403,2,1,false
0x2be5...96ef,1,1,false
0x2d59...2d3f,2,1,false
0x2ea0...6c21,2,1,false
0x32eb...7245,1,1,false
0x335f...2953,2,1,false
0x33ef...4435,2,1,false
0x33f6...833f,1,1,false
0x3537...e0de,2,1,false
0x3557...42cf,2,1,false
0x35e0...646b,2,1,false
0x36b9...2ec2,2,1,false
0x37b0...ced3,2,1,false
0x390a...9c26,2,1,false
0x391d...8cd4,2,1,false
0x396b...d2aa,2,1,false
0x3a4b...1b99,2,1,false
0x3a87...b2ab,2,1,false
0x3b97...05ef,2,1,false
0x3c73...7905,2,1,false
0x3d0d...c426,2,1,false
0x3e1c...1f43,2,1,false
0x3f90...33e8,2,1,false
0x40c6...cef9,2,1,false
0x40d2...8087,2,1,false
0x421f...5fe1,2,1,false
0x423b...a194,2,1,false
0x43db...e302,2,1,false
0x4468...9a57,2,1,false
0x446b...e1d0,2,1,false
0x4490...5916,2,1,false
0x4567...b605,2,1,false
0x4753...fb44,2,1,false
0x4a40...e1d7,2,1,false
0x4b62...e603,2,1,false
0x4b7e...5609,1,1,false
0x4c7c...67cc,2,1,false
0x4d05...780f,2,1,false
0x4d9d...3e36,2,1,false
0x4df0...1201,2,1,false
0x4e2f...1721,2,1,false
0x4ece...36f9,2,1,false
0x4ede...05a4,2,1,false
0x50ab...b943,2,1,false
0x5232...820f,1,1,false
0x52ee...26a5,2,1,false
0x5320...84d9,2,1,false
0x54e0...e12a,2,1,false
0x577c...2b77,2,1,false
0x5878...6f5c,1,1,false
0x59dc...b686,2,1,false
0x59f7...ccd8,2,1,false
0x5a01...0760,2,1,false
0x5a54...fd18,2,1,false
0x5ab2...fc44,2,1,false
0x5c83...7081,2,1,false
0x5d66...5c82,2,1,false
0x5e39...7efb,2,1,false
0x5e4e...3632,2,1,false
0x5e9c...b10c,2,1,false
0x5fb8...e0fa,2,1,false
0x6046...7e57,2,1,false
0x60e1...34b0,2,1,false
0x6158...3225,2,1,false
0x61eb...4828,2,1,false
0x61eb...c710,2,1,false
0x6364...9b44,2,1,false
0x6367...191f,2,1,false
0x6413...f1b5,2,1,false
0x658e...ba82,2,1,false
0x65a4...cf3d,2,1,false
0x65d4...42de,1,1,false
0x6625...dfab,2,1,false
0x6651...d384,1,1,false
0x66d8...2494,2,1,false
0x6895...e65f,2,1,false
0x6934...9345,2,1,false
0x6a96...a288,1,1,false
0x6b92...1e47,1,1,false
0x6eb4...03e4,2,1,false
0x6f24...affc,2,1,false
0x6f36...60ad,1,1,false
0x7243...a9b5,2,1,false
0x726a...c047,2,1,false
0x7286...756f,2,1,false
0x72c4...a91a,2,1,false
0x73db...209a,1,1,false
0x73e6...f6d4,2,1,false
0x7433...dbfa,2,1,false
0x74c6...0785,2,1,false
0x7543...d011,2,1,false
0x75b1...0aae,1,1,false
0x7777...c8c1,1,1,false
0x77a6...8baf,2,1,false
0x780d...d263,2,1,false
0x799d...f5bc,2,1,false
0x7bb7...f889,2,1,false
0x7c12...35e1,2,1,false
0x7cda...2a6f,2,1,false
0x7d9a...ec8e,2,1,false
0x802e...a8c8,2,1,false
0x803e...f4e8,2,1,false
0x80e1...2b6e,2,1,false
0x82ca...3101,2,1,false
0x82cf...41f8,2,1,false
0x8321...cd50,2,1,false
0x8393...307a,2,1,false
0x8399...1475,2,1,false
0x8508...a1b8,2,1,false
0x857d...9a9e,2,1,false
0x858e...7db4,1,1,false
0x8629...d6b3,2,1,false
0x864c...7766,2,1,false
0x8664...0ce7,1,1,false
0x86dd...9cde,2,1,false
0x87b6...1a2d,2,1,false
0x8abd...2140,2,1,false
0x8b60...70a3,2,1,false
0x8ccd...0db0,1,1,false
0x8e98...6675,2,1,false
0x8eec...0e16,2,1,false
0x8f1c...74cb,2,1,false
0x8f39...2870,2,1,false
0x90bf...1e22,1,1,false
0x90d3...16c4,1,1,false
0x9143...1c1a,2,1,false
0x91d6...54bf,2,1,false
0x921e...8e90,2,1,false
0x9291...c3e4,1,1,false
0x92de...710b,1,1,false
0x9408...52d0,2,1,false
0x946d...584d,2,1,false
0x948f...2811,1,1,false
0x956e...5b74,1,1,false
0x9652...eb10,2,1,false
0x9680...e379,1,1,false
0x975d...2dbf,1,1,false
0x9796...59be,2,1,false
0x97cd...f050,2,1,false
0x9842...9e06,2,1,false
0x9953...b317,2,1,false
0x9a6a...f025,2,1,false
0x9bcb...70ec,2,1,false
0x9bcc...3cfe,2,1,false
0x9c03...2ce3,2,1,false
0x9ca4...ccbf,1,1,false
0xa066...b2a7,2,1,false
0xa198...c58a,2,1,false
0xa1e8...552b,2,1,false
0xa237...481d,2,1,false
0xa2dc...697b,1,1,false
0xa47d...3540,2,1,false
0xa4a7...fec0,1,1,false
0xa5aa...3954,2,1,false
0xa5f0...bc8e,2,1,false
0xa70b...86dd,2,1,false
0xa7b3...24ca,2,1,false
0xa7f6...d05c,2,1,false
0xa8b9...4caa,2,1,false
0xa8c6...cb40,2,1,false
0xabb3...488a,2,1,false
0xace1...f82d,2,1,false
0xad25...b733,1,1,false
0xad9d...1fb3,2,1,false
0xadc0...0ab1,2,1,false
0xae01...687b,2,1,false
0xae36...f19b,2,1,false
0xae91...b57c,2,1,false
0xaf0e...cbe1,2,1,false
0xaf79...32b0,2,1,false
0xafb2...ae95,2,1,false
0xb16a...318d,2,1,false
0xb1ce...74e1,2,1,false
0xb1d9...f6b2,1,1,false
0xb2c5...c6b2,1,1,false
0xb347...2dec,1,1,false
0xb3d8...f64e,2,1,false
0xb598...038c,1,1,false
0xb5c6...23cc,2,1,false
0xb5ca...81c3,2,1,false
0xb623...7efb,2,1,false
0xb6b6...e9fa,2,1,false
0xb6ba...b371,2,1,false
0xb738...3be6,2,1,false
0xb7bb...c1bd,2,1,false
0xb894...fd5e,2,1,false
0xb8c5...91d9,2,1,false
0xb91d...91b2,2,1,false
0xb9cc...1120,2,1,false
0xba42...a10c,2,1,false
0xbbe5...7092,1,1,false
0xbbed...4ee6,2,1,false
0xbdd6...dfe2,1,1,false
0xbe1f...4f3e,2,1,false
0xbe8f...c99f,2,1,false
0xbf39...7413,1,1,false
0xbf5c...1739,1,1,false
0xbfa3...36e3,2,1,false
0xbfbc...81bf,2,1,false
0xc021...cde6,2,1,false
0xc034...dce6,2,1,false
0xc11b...a54f,2,1,false
0xc13e...9b17,2,1,false
0xc19f...27a7,2,1,false
0xc1c4...dc51,2,1,false
0xc3f8...b2e9,2,1,false
0xc4f5...d074,2,1,false
0xc55b...891b,1,1,false
0xc5e8...2e8b,2,1,false
0xc69e...f6ba,2,1,false
0xc804...5a0a,1,1,false
0xc81a...bb2d,2,1,false
0xcb7d...d335,2,1,false
0xcc73...bb7e,2,1,false
0xcc85...b709,2,1,false
0xcd9d...76dc,2,1,false
0xce07...23a6,2,1,false
0xce50...215d,1,1,false
0xce72...59a3,2,1,false
0xced6...f8c6,2,1,false
0xcf02...55c8,2,1,false
0xd1c6...f3e2,2,1,false
0xd1d5...93e2,1,1,false
0xd1db...927f,2,1,false
0xd416...80f9,2,1,false
0xd41f...766a,1,1,false
0xd4d1...34c4,2,1,false
0xd588...3b51,2,1,false
0xd7e0...32eb,2,1,false
0xd802...9753,2,1,false
0xda11...93d3,2,1,false
0xdbec...9086,2,1,false
0xdcd5...d390,1,1,false
0xdde3...ca35,2,1,false
0xde7a...5d83,1,1,false
0xdee5...1699,2,1,false
0xdf9e...83a6,2,1,false
0xdfb5...c218,2,1,false
0xe105...ac6c,2,1,false
0xe13e...3b36,1,1,false
0xe146...1648,2,1,false
0xe1a3...75d7,2,1,false
0xe1c4...f31c,1,1,false
0xe223...563d,2,1,false
0xe321...2557,2,1,false
0xe374...f0c0,2,1,false
0xe5fc...f03d,2,1,false
0xe6bf...c98b,2,1,false
0xe6f9...d437,1,1,false
0xe702...09e2,2,1,false
0xe724...3689,2,1,false
0xe7ff...1a36,1,1,false
0xe81b...94d9,2,1,false
0xe938...ccb2,2,1,false
0xeb63...9c79,2,1,false
0xeb73...d9a8,2,1,false
0xebd2...d94b,2,1,false
0xebe2...1a92,1,1,false
0xecdd...be7d,2,1,false
0xece8...1bcb,1,1,false
0xedf7...4814,2,1,false
0xefbd...81df,1,1,false
0xefcb...bde4,2,1,false
0xf054...5f23,1,1,false
0xf0c8...d1f0,2,1,false
0xf3f3...3e78,1,1,false
0xf4b9...ccc6,2,1,false
0xf528...2926,2,1,false
0xf565...9d3c,2,1,false
0xf5b8...7bf4,2,1,false
0xf8c7...413d,2,1,false
0xfa76...df59,2,1,false
0xfa7d...e3ac,2,1,false
0xfaf2...9277,2,1,false
0xfb7e...92fa,2,1,false
0xfc3a...8877,1,1,false
0xfcf4...a889,2,1,false
0xfd67...efc7,2,1,false
0xfe4b...a27e,2,1,false
0xfe6c...1b26,2,1,false
0xfe6f...dcea,2,1,false
0xfe7f...ec44,1,1,false
0xfead...7b00,2,1,false
0xff2c...510d,1,1,false
0xc8ee...fb1e,5,1,false
0x0693...522e,3,1,false
0xb903...49de,3,1,false
0x8d29...915b,4,1,false
0x6e42...34c0,5,1,false
0x42de...09e8,5,1,false
0xfd46...6a41,3,1,false
0x1c72...d414,4,1,false
0xf18c...e9ff,3,1,false
0x485e...cbcc,5,1,false
0xd434...bc86,3,1,false
0xbe43...5e0b,3,1,false
0xdf08...d5b7,5,1,false
0x0099...208b,3,1,false
0xfce4...4eee,5,1,false
0x7b76...95f0,3,1,false
0xb587...3806,5,1,false
0x3a96...f08c,3,1,false
0x942d...2666,5,1,false
0x622a...49c8,3,1,false
0xeaf5...0fe1,4,1,false
0xf4bc...6ece,4,1,false
0x14eb...2392,4,1,false
0xd559...1dcf,5,1,false
0x3c7b...b82c,3,1,false
0xb702...32ef,3,1,false
0x1d97...0702,5,1,false
0x77a7...0e14,5,1,false
0x947f...74d2,3,1,false
0x421a...c2c7,4,1,false
0x0400...48f8,5,1,false
0x32b0...8b95,3,1,false
0xf64d...09b0,5,1,false
0x539f...7ed4,3,1,false
0x0f98...7609,5,1,false
0xed42...dc6d,4,1,false
0x63cd...ce73,3,1,false
0x98bb...cf7f,3,1,false
0xd8cb...3989,4,1,false
0x38d9...e8e3,3,1,false
0xb16e...8397,5,1,false
0xd045...9e44,3,1,false
0xb7a1...1253,3,1,false
0x86bf...743b,3,1,false
0xfaf2...d1c6,5,1,false
0x4f90...c48a,3,1,false
0x7b56...57a2,3,1,false
0xd6e9...b990,5,1,false
0x8661...3c3c,5,1,false
0x0770...b916,3,1,false
0x6f66...e856,4,1,false
0x40be...075b,3,1,false
0x69cb...e3f2,3,1,false
0xf21c...5cc8,3,1,false
0xad36...2b36,3,1,false
0x83a3...a3be,3,1,false
0x0308...b9d0,3,1,false
0x2804...ea94,3,1,false
0x1e9b...72d4,4,1,false
0x31de...e7c8,5,1,false
0xdf2e...dc80,3,1,false
0xeb35...a5ac,3,1,false
0x61f2...0745,4,1,false
0x6b2b...fb65,3,1,false
0x4a99...11ce,5,1,false
0x1dab...beaf,3,1,false
0x00e3...2b8a,3,1,false
0xa6c9...2165,3,1,false
0x9057...9185,5,1,false
0xeda4...eed9,3,1,false
0x623b...7eb3,5,1,false
0x0130...363c,5,1,false
0xbf8f...5f9c,5,1,false
0x4a44...2139,4,1,false
0xbef2...f1b3,3,1,false
0xf4b5...0e48,4,1,false
0xe6e1...3a4f,3,1,false
0x8af6...52a3,3,1,false
0xe738...b08e,3,1,false
0x0538...91b2,3,1,false
0x4676...35d4,3,1,false
0x89a8...5b0d,5,1,false
0x0a5c...cc22,3,1,false
0x87e0...48b3,5,1,false
0x5c5d...bcb4,4,1,false
0x8635...ae37,3,1,false
0xa61b...7d68,4,1,false
0x6725...264b,4,2,false
0xb676...5bce,4,2,false
0xf825...1fc5,3,2,false
0x2ce3...1635,4,2,false
0x8f22...f780,5,2,false
0x68c3...c44c,5,2,false
0x30ba...6282,5,2,false
0x514a...a250,3,2,false
0x68da...8e9a,3,2,false
0xfea8...e23f,3,2,false
0x24ec...f7b4,5,2,false
0x7841...8dbc,3,2,false
0x1e74...e11c,3,2,false
0xd71a...9e22,3,2,false
0xfaca...8884,3,2,false
0x84f1...0778,5,2,false
0x608b...dc47,4,2,false
0x8a45...2d5f,4,2,false
0x8cc4...2a23,5,2,false
0x6b30...b9f1,5,2,false
0x2f67...03b9,4,2,false
0x77ad...18ac,5,2,false
0x3ab8...e593,4,2,false
0x4c24...7f25,4,2,false
0x92ca...192d,3,2,false
0x1908...c8c0,5,2,false
0xa3e1...564a,5,2,false
0x020b...0359,4,2,false
0xf9c8...f059,4,2,false
0x6a5e...fdb6,3,2,false
0x60cc...f423,5,2,false
0x8cec...4805,5,2,false
0xc898...7792,3,2,false
0xd6fa...91c7,4,2,false
0x580c...b05b,3,2,false
0x7ef4...5370,3,2,false
0x7ef8...99ae,3,2,false
0x5e47...2178,3,2,false
0x9084...9723,5,2,false
0x0500...b9c4,3,2,false
0x1899...bd88,3,2,false
0x5315...9f80,5,2,false
0x1a01...4981,3,2,false
0xf14d...5a9f,3,2,false
0x44df...ef49,3,2,false
0x3f28...9b5e,4,2,false
0xe235...0800,4,2,false
0x0ae2...df34,3,2,false
0x671f...634f,5,2,false
0xa20c...0371,4,2,false
0x6531...d774,4,2,false
0x1942...a5bf,5,2,false
0x3a73...4ad7,3,2,false
0xab94...685b,5,2,false
0xaa97...b82d,5,2,false
0x2a07...239e,5,2,false
0x72c7...24c5,4,2,false
0x11c4...9142,4,2,false
0x197c...9ffa,3,2,false
0xee7c...9990,3,2,false
0x3d52...0e63,3,2,false
0x4d70...0853,4,2,false
0x050d...3800,5,2,false
0x9c90...211b,5,2,false
0xdc5d...aefc,3,2,false
0x5d8a...0b68,5,2,false
0x012d...9ea7,3,2,false
0x5c24...1d6b,3,2,false
0xf5d6...610f,3,2,false
0x7f1d...4b9a,4,2,false
0xc583...5d5c,3,2,false
0x4e7d...34e0,3,2,false
0x0f9c...b328,4,2,false
0x04c1...a1aa,4,2,false
0xcc3c...1710,3,2,false
0x70e3...3ab5,5,2,false
0xd313...51ec,3,2,false
0x32e9...2017,3,2,false
0xf320...4bec,3,2,false
0x4393...1d4e,3,2,false
0x6437...c60e,3,2,false
0x90a1...0ac8,3,2,false
0x4717...d944,3,2,false
0xaa67...c1f0,5,2,false
0x5554...8ea2,4,2,false
0xc6e7...769d,4,2,false
0x83fb...4d17,4,2,false
0xe35e...23c2,3,2,false
0xe6ec...ea5b,4,2,false
0x6632...bc0b,3,2,false
0xb52c...0c06,5,2,false
0x8cf6...ba5b,4,2,false
0xbf86...74cb,3,2,false
0x7463...0124,3,2,false
0xc724...8fc4,5,2,false
0xc5f5...e311,4,2,false
0x8f45...85bb,5,2,false
0xc840...a3d0,3,2,false
0x725b...924f,3,2,false
0xb8c9...082e,3,2,false
0x69d5...18eb,3,3,false
0x6a6e...f147,3,3,false
0xdcfa...cae3,4,3,false
0x8771...eb0a,5,3,false
0x0752...c807,4,3,false
0x85b8...c928,3,3,false
0x7cdd...a398,3,3,false
0xa1f9...9609,3,3,false
0xc1d7...5ced,4,3,false
0x7022...6cf6,3,3,false
0x32b4...3bb1,3,3,false
0x5f2d...2d55,5,3,false
0xa0ac...013d,4,3,false
0xa417...fb07,4,3,false
0xe55c...ca54,4,3,false
0x7775...f052,3,3,false
0x72ca...6c9a,5,3,false
0x5b0e...744a,5,3,false
0x1e9b...6e66,5,3,false
0x84be...a290,4,3,false
0x0b44...654e,3,3,false
0xf621...063d,3,3,false
0xf4dc...4227,4,3,false
0xfd3b...5f0b,3,3,false
0xc582...c106,3,3,false
0xfa18...9e26,5,3,false
0x87e9...a142,3,3,false
0x19c5...22a6,3,3,false
0xd5f6...737c,5,3,false
0x3958...f104,5,3,false
0xbb2d...5fd4,5,3,false
0xdf59...84e5,5,3,false
0x49cb...d672,3,3,false
0x9f45...0cba,5,3,false
0xf890...837a,3,3,false
0x2888...3eda,4,3,false
0x1efa...5a3a,5,3,false
0x6b9b...1b58,4,3,false
0xc697...5e0e,3,3,false
0xb4ab...5144,4,3,false
0x967b...8273,5,3,false
0xf0a4...fa37,3,3,false
0xc74d...77f0,3,3,false
0x7c11...8a44,3,3,false
0xa1fb...6492,3,3,false
0xb335...f021,5,3,false
0x1768...181e,5,3,false
0x5b5d...9c27,4,3,false
0x8f01...d06d,3,3,false
0xe553...b707,3,3,false
0xd9c9...67d9,3,3,false
0x46f3...bbe8,4,3,false
0xa677...bf0d,3,3,false
0x637c...b7b8,3,3,false
0x470f...8b95,5,3,false
0x70cc...c649,3,3,false
0x426a...0d36,5,3,false
0x0c96...bada,5,3,false
0xa6ba...57d1,5,3,false
0x922a...622d,3,3,false
0x0916...705f,3,3,false
0x3d39...b57a,5,3,false
0x3146...af50,3,3,false
0x3af4...d85a,3,3,false
0x6099...615d,3,3,false
0x08a3...c1df,3,3,false
0xb3b9...802b,3,3,false
0x50fb...dac3,3,3,false
0x1ae9...456a,3,3,false
0x8a8a...c796,3,3,false
0x22a3...5128,4,3,false
0x9cf9...f358,5,3,false
0x45b0...8637,3,3,false
0xb8d1...87ae,3,3,false
0xe5c2...4a4c,3,3,false
0xeffe...6bce,3,3,false
0x6f29...28bc,4,3,false
0xd492...0f92,3,3,false
0x672c...60e5,5,3,false
0x32be...1f8c,5,3,false
0xc1ee...71ab,5,3,false
0x704e...5f3c,3,3,false
0x39c9...1763,3,3,false
0xb463...22c9,4,3,false
0x2f18...754f,3,3,false
0x844e...b353,4,3,false
0x890d...c6e9,4,3,false
0xb676...c44c,3,3,false
0x7367...1907,3,3,false
0x3fb4...a8e4,3,3,false
0x0382...9c73,3,3,false
0x991f...163c,4,3,false
0x6649...e669,4,3,false
0xe871...9ed2,4,3,false
0xb880...bacd,3,3,false
0x796b...180c,5,3,false
0x4e54...69bf,3,3,false
0x0364...c4bd,3,3,false
0xcf5e...dacf,3,3,false
0xb1c8...7eae,4,3,false
0xfb34...3413,4,4,false
0xd19c...abbe,3,4,false
0x8d9c...ce33,5,4,false
0xbf27...241c,3,4,false
0xb3b8...881b,3,4,false
0xafe8...f3f7,5,4,false
0x9da6...166c,3,4,false
0x607c...393d,4,4,false
0x9bb9...0d34,3,4,false
0x87d2...07b0,4,4,false
0x9de2...5a61,4,4,false
0xd52d...9550,3,4,false
0x9582...4b22,3,4,false
0x9219...3bf2,5,4,false
0x8ed4...1786,3,4,false
0xedfd...c82e,5,4,false
0x5358...76fc,3,4,false
0x8e32...469b,5,4,false
0x1917...53b8,3,4,false
0x6d34...e4a4,4,4,false
0xbce5...0150,5,4,false
0x02ab...51fd,5,4,false
0xf593...3c29,5,4,false
0x7a35...e347,3,4,false
0xf6fb...3702,5,4,false
0x076a...bf30,3,4,false
0x6c17...a444,4,4,false
0x4f2e...4360,3,4,false
0x116f...09fc,4,4,false
0xb6ab...3730,3,4,false
0xe82c...b03c,4,4,false
0xffcc...7f1e,5,4,false
0x83b3...b566,5,4,false
0xf384...e554,5,4,false
0xfd18...4a01,5,4,false
0xc230...652f,5,4,false
0x43c9...42db,4,4,false
0xb2e1...efd2,3,4,false
0x6f5c...50a1,5,4,false
0xa4bd...4695,4,4,false
0x3224...333c,5,4,false
0xec0a...ec56,4,4,false
0x5c22...c7ec,5,4,false
0xfff5...b455,5,4,false
0x53cf...31e7,3,4,false
0x7c37...c631,5,4,false
0x118e...d504,4,4,false
0xc8ec...a778,3,4,false
0x4da6...7111,5,4,false
0xf643...4ce4,5,4,false
0x5ffc...aa6c,3,4,false
0xf80c...d6ca,5,4,false
0xd546...2354,4,4,false
0x4627...bba3,3,4,false
0xe5d0...e53d,5,4,false
0xaefe...ac4c,4,4,false
0xe859...05af,4,4,false
0x13e0...95b3,5,4,false
0xbeaf...1313,4,4,false
0x02c2...b179,3,4,false
0xe12d...cfc9,5,4,false
0xc66f...f707,3,4,false
0x4f2f...8fe4,5,4,false
0x51bd...dd53,5,4,false
0x7591...c6e2,3,4,false
0xdc88...51f4,5,4,false
0x3530...2e7a,3,4,false
0xb8f2...7515,5,4,false
0x0c4a...15ba,3,4,false
0x1151...315a,3,4,false
0x8ec2...d13a,3,4,false
0x8fdd...5d91,4,4,false
0x9279...bec9,5,4,false
0x4ecd...fa70,5,4,false
0x6975...eaa7,5,4,false
0xb223...9f2c,5,4,false
0x4f50...4815,3,4,false
0xc287...08ed,3,4,false
0xc32c...e8eb,3,4,false
0x9849...7783,5,4,false
0xfdc2...3437,5,4,false
0x4f21...d00e,4,4,false
0xcbda...778c,4,4,false
0xda5e...bc36,5,4,false
0x2521...1a80,4,4,false
0xf7e1...38f6,3,4,false
0x9617...d0de,4,4,false
0x4b05...7b5c,3,4,false
0x581b...c615,5,4,false
0xd0f6...5e0a,3,4,false
0x4efa...7713,3,4,false
0x1a7a...9d78,4,4,false
0xf78c...b3c5,4,4,false
0x084a...09f1,3,4,false
0x42e2...fb22,3,4,false
0x168b...6033,5,4,false
0x0cf4...a9fa,3,4,false
0xc06f...bb07,3,4,false
0x5061...350e,5,4,false
0x9745...4816,3,4,false
0xbcf1...8bf7,3,5,false
0x2a92...16f6,4,5,false
0xb2e2...0175,3,5,false
0xdb8c...9ab4,5,5,false
0xbfad...ad6c,3,5,false
0x7dde...2676,3,5,false
0x0f97...9d63,4,5,false
0xf01c...efa3,3,5,false
0x7ecd...bd6c,4,5,false
0xaf9a...e19a,3,5,false
0xa7ba...8fce,3,5,false
0x9c53...3a13,4,5,false
0xba88...4c57,3,5,false
0x7d37...b204,3,5,false
0x1520...b9f8,4,5,false
0x54ad...5a27,4,5,false
0xd30c...7967,3,5,false
0x7d2d...6da6,4,5,false
0xea4c...6554,5,5,false
0x253b...7131,5,5,false
0x23d3...5936,3,5,false
0xdaf6...a240,3,5,false
0x88c9...bd8a,3,5,false
0x07b8...89b6,3,5,false
0x0776...3829,5,5,false
0xbefc...db98,3,5,false
0xd4f1...b713,3,5,false
0x090c...5f2c,3,5,false
0xafa4...462c,4,5,false
0x1efa...9253,5,5,false
0xbe4b...7b74,5,5,false
0x303d...8d8f,4,5,false
0x4db3...bc3f,5,5,false
0x7147...5686,4,5,false
0xa88e...1f22,3,5,false
0xd29f...92fc,4,5,false
0x9230...88e2,5,5,false
0x0717...a857,3,5,false
0xf2ee...6363,4,5,false
0x38ed...7314,5,5,false
0xbfbc...b637,4,5,false
0xdf06...759f,5,5,false
0x189f...c136,3,5,false
0xbc1d...490d,4,5,false
0x148a...e04e,3,5,false
0xc21a...146a,4,5,false
0x34dc...a523,3,5,false
0x89e2...4db7,5,5,false
0x3fea...f831,4,5,false
0x41f2...e9b7,4,5,false
0x3ed1...d451,4,5,false
0xec45...c665,5,5,false
0x960c...88e9,5,5,false
0x579a...d5e5,3,5,false
0xeb61...507e,4,5,false
0x65d3...4381,4,5,false
0xe767...de28,4,5,false
0xb377...78f8,5,5,false
0xcdd2...be55,5,5,false
0x79a4...d486,5,5,false
0xc600...127e,3,5,false
0xe04d...d28b,5,5,false
0x346c...7e57,5,5,false
0x640b...1797,5,5,false
0xe823...267b,3,5,false
0x5339...eb03,3,5,false
0x0b40...4f11,5,5,false
0xe9ca...7d2b,3,5,false
0x23ba...41bd,4,5,false
0x6035...0512,5,5,false
0xf0ef...084b,5,5,false
0xce1b...87c6,5,5,false
0x4388...240a,5,5,false
0x99f6...a375,3,5,false
0x3ae5...b067,5,5,false
0x97f6...df25,5,5,false
0x9980...4f3b,3,5,false
0x6932...1424,5,5,false
0xd4ad...740d,3,5,false
0x5466...f544,4,5,false
0x4394...559e,5,5,false
0xc578...f674,4,5,false
0x16f3...0179,5,5,false
0x235f...22d2,5,5,false
0xfd04...5929,3,5,false
0xca4e...6894,3,5,false
0xc73f...3258,3,5,false
0x6419...d475,5,5,false
0xe51c...e238,4,5,false
0x736c...c7b5,4,5,false
0x6004...0ab9,5,5,false
0xe708...f7e2,5,5,false
0xaee9...f049,4,5,false
0x8b19...19a4,3,5,false
0xa067...74f4,3,5,false
0xbc1a...71e4,4,5,false
0xcc98...a30d,5,5,false
0x933d...b244,3,5,false
0x11e7...3bf0,3,5,false
0x11c7...b2e0,4,5,false
0x3e5a...fb5d,5,6,false
0xb488...c98d,3,6,false
0xaba6...4ba9,5,6,false
0xa55f...d148,5,6,false
0x89e4...c382,5,6,false
0x6b93...896c,5,6,false
0xc8a4...185a,5,6,false
0x9346...24f1,5,6,false
0x65b1...082e,3,6,false
0x7f58...41c2,3,6,false
0xf692...425e,4,6,false
0x2863...8031,3,6,false
0xc8bf...ce63,5,6,false
0x121d...c702,5,6,false
0x9e13...8215,3,6,false
0xa415...0fcd,3,6,false
0xea3a...d3b0,3,6,false
0x0b78...c632,5,6,false
0xf6a9...8146,5,6,false
0x32e6...84e0,3,6,false
0x511e...ad88,3,6,false
0x0f30...4fdb,5,6,false
0xfd78...8601,3,6,false
0x7422...b8a7,5,6,false
0xfb7d...89be,5,6,false
0xbb2c...9dcb,3,6,false
0x03a0...3184,3,6,false
0x52eb...a9b3,3,6,false
0xa3f8...5d62,5,6,false
0x0837...d50f,5,6,false
0x571a...e2e1,5,6,false
0x0e26...dadb,3,6,false
0x5087...76ec,5,6,false
0x4596...bb2a,5,6,false
0x966a...11be,4,6,false
0x6d52...379b,5,6,false
0x0687...0643,5,6,false
0x0dfd...ee28,4,6,false
0x3328...480e,5,6,false
0xeaec...5c9a,4,6,false
0xb133...4f3a,5,6,false
0xc1d5...c676,5,6,false
0xe0c2...5e2b,3,6,false
0xad3f...6606,4,6,false
0x3278...f1d0,5,6,false
0x81e3...4f5f,3,6,false
0x2d7e...fb97,5,6,false
0xc5f1...8a0a,4,6,false
0x5d12...d317,4,6,false
0xbaf7...c406,3,6,false
0x3562...a82a,4,6,false
0xc39c...4a2c,5,6,false
0x6d6d...8855,4,6,false
0xd192...e9b6,4,6,false
0x1682...4efb,5,6,false
0xbd84...6a35,3,6,false
0xd2f1...9a08,5,6,false
0xb330...fba1,5,6,false
0x1ca8...1f2a,5,6,false
0xde8f...198b,5,6,false
0x4660...9980,5,6,false
0x03c6...4f17,5,6,false
0xa81d...2ba5,5,6,false
0x76e9...4be1,3,6,false
0x3799...41ff,3,6,false
0xd2dd...7a40,5,6,false
0x53e4...8e31,4,6,false
0x4517...29a1,3,6,false
0x788b...e8b3,5,6,false
0xc8e0...b819,5,6,false
0xfb5a...8c5b,5,6,false
0x5586...556e,3,6,false
0x4186...8cff,5,6,false
0x8a5d...cc15,3,6,false
0x6cce...29fc,4,6,false
0x1f2e...5ad2,5,6,false
0x9424...d9dc,3,6,false
0x8e5e...a80f,3,6,false
0xdb9d...37ca,3,6,false
0x4254...b20f,3,6,false
0x7357...4c4f,3,6,false
0xd6a5...ba07,4,6,false
0x8571...49ce,4,6,false
0xb307...46ab,5,6,false
0xee83...b793,3,6,false
0x9b77...aa49,3,6,false
0xe17d...0e72,3,6,false
0x214c...4931,3,6,false
0xe0fb...6be9,5,6,false
0x5427...dc66,5,6,false
0x33f5...94ad,5,6,false
0xa195...e312,5,6,false
0x8011...d0bb,5,6,false
0x5834...286a,3,6,false
0x32e1...db51,5,6,false
0xdabc...c51f,5,6,false
0xfe39...eb37,4,6,false
0xc6f2...5c99,5,6,false
0x6d9f...ec2e,5,6,false
0x11c4...f33e,3,6,false
0x29a2...5f62,5,7,false
0x9264...e2d8,3,7,false
0x4db9...cf27,3,7,false
0x2871...95af,5,7,false
0x7457...93f4,3,7,false
0x0f51...542b,5,7,false
0x7f1b...4bfa,4,7,false
0x8fb0...b198,5,7,false
0x3243...904c,5,7,false
0x28ea...daef,3,7,false
0xf5b1...8229,5,7,false
0xc675...9a84,5,7,false
0x354f...63d4,3,7,false
0x8e16...dcc4,3,7,false
0x495e...d23b,5,7,false
0x754a...e5c1,3,7,false
0xe85f...9797,5,7,false
0x833d...29bf,3,7,false
0x09e0...9f43,3,7,false
0x77b0...2640,4,7,false
0x914d...0774,4,7,false
0x5142...5013,4,7,false
0xc3c9...4fd5,3,7,false
0xb17d...d97e,3,7,false
0xce20...c645,3,7,false
0x5242...8620,5,7,false
0x2849...58c4,5,7,false
0xc73a...0303,5,7,false
0x3c63...d175,5,7,false
0x2a1b...923a,5,7,false
0x3e0d...0a7d,5,7,false
0xa609...3179,3,7,false
0x980b...53a2,3,7,false
0xcc24...f19b,5,7,false
0x1082...23bc,5,7,false
0x3238...5564,4,7,false
0xe5cc...9f4e,3,7,false
0x1785...bbdd,3,7,false
0x586e...f59d,4,7,false
0xd552...cf84,4,7,false
0xb29d...3a3b,3,7,false
0x0290...2271,5,7,false
0x7e55...0a41,4,7,false
0xab20...a927,4,7,false
0x3ace...07bf,5,7,false
0xbf30...ba72,5,7,false
0xaa6c...8edc,5,7,false
0xc9e5...8424,5,7,false
0xd0f5...7912,3,7,false
0x9d99...4f5a,4,7,false
0x760e...e8fe,3,7,false
0x4e65...c954,3,7,false
0xe6e7...08f2,5,7,false
0xbf80...32a1,5,7,false
0x5bf7...3b14,3,7,false
0xc874...2a4e,4,7,false
0xf204...3baa,5,7,false
0x31f6...7f4a,5,7,false
0x0223...b8b4,4,7,false
0x12e6...e14d,3,7,false
0xf724...0f7c,3,7,false
0x0f85...c617,4,7,false
0x0cbf...d692,4,7,false
0xb10f...cb11,3,7,false
0x0474...5a85,3,7,false
0x4ac4...47b4,4,7,false
0xf8ce...cd61,4,7,false
0x5733...e72a,3,7,false
0x878b...b804,4,7,false
0x773e...2446,3,7,false
0xd51a...98ff,3,7,false
0x0972...3913,3,7,false
0x46a0...e34d,4,7,false
0x465d...d894,4,7,false
0x0d51...d862,4,7,false
0x69d2...eb80,3,7,false
0x3aab...f261,5,7,false
0x1eaf...aace,3,7,false
0x76f3...03db,5,7,false
0xf273...242d,5,7,false
0xda17...9035,5,7,false
0x13f9...865f,5,7,false
0x36e0...52bd,4,7,false
0x7570...64a6,3,7,false
0x9dee...9927,3,7,false
0x840d...7967,3,7,false
0xa95f...d3de,4,7,false
0x011d...fc83,3,7,false
0xe5cb...76f6,4,7,false
0xbf8d...7fdc,5,7,false
0xd166...61ec,3,7,false
0x68ee...0ad8,5,7,false
0x0b4e...2de9,4,7,false
0xbdcb...0e9d,4,7,false
0xf3f1...0239,4,7,false
0xdb3b...58a4,4,7,false
0x7358...bfea,4,7,false
0x3416...f828,3,7,false
0xf8b7...d1c8,5,7,false
0x0700...3de5,5,7,false
0xf000...f1d6,5,8,false
0x3aed...091a,5,8,false
0xada2...1896,3,8,false
0x6cf2...eb3d,3,8,false
0xf738...3767,4,8,false
0xc627...ca7e,3,8,false
0xddd2...9d32,4,8,false
0xa19e...69cc,5,8,false
0xac30...74d0,5,8,false
0x5394...42d8,4,8,false
0x79f9...0b84,3,8,false
0x0d97...56d1,5,8,false
0xa275...6335,3,8,false
0x4201...4c58,5,8,false
0x696a...a56c,4,8,false
0x9aba...872a,4,8,false
0x4cd8...1cda,4,8,false
0xadcb...4b8d,5,8,false
0x0d46...bce0,5,8,false
0xcb52...6c0b,5,8,false
0xd58b...dbf2,4,8,false
0xcc05...2835,3,8,false
0x8ceb...f1ee,3,8,false
0xa788...ecd4,3,8,false
0xfa2e...d5b6,5,8,false
0xbe13...dd30,5,8,false
0x19bb...1cc4,5,8,false
0x13b2...7ccf,3,8,false
0xc347...a611,3,8,false
0xdff9...0f62,5,8,false
0x42b3...c2e4,4,8,false
0xc37e...2ca7,5,8,false
0x9878...d0e3,4,8,false
0x3d39...568b,4,8,false
0xb46b...8de6,4,8,false
0x9b8e...6f68,5,8,false
0x9a66...d30c,5,8,false
0x3737...507f,5,8,false
0x0e4f...e6f8,5,8,false
0x721e...b771,4,8,false
0x2e56...e83d,3,8,false
0x9d9b...c9b2,4,8,false
0x4f83...e1b6,4,8,false
0xee15...420b,4,8,false
0x43d9...1e62,3,8,false
0x398e...2a18,5,8,false
0x3986...6f04,5,8,false
0x76db...ec6a,5,8,false
0xc9e6...a009,4,8,false
0x7ad6...38b8,5,8,false
0x00b4...9847,5,8,false
0x630c...1010,5,8,false
0x888b...847b,3,8,false
0x9054...3e47,4,8,false
0xcfab...293f,4,8,false
0x2443...3332,4,8,false
0xea69...40ff,4,8,false
0xbcb2...3729,3,8,false
0xc0af...89ee,5,8,false
0xc8a9...5204,5,8,false
0xc17a...7828,3,8,false
0xac88...b1a8,4,8,false
0x7054...62c4,3,8,false
0x23c7...7f2d,5,8,false
0x6100...9ebf,4,8,false
0x41af...5800,5,8,false
0xd6f6...bb89,5,8,false
0x252e...8586,3,8,false
0xf989...340e,4,8,false
0x4590...662b,5,8,false
0x2acd...92da,5,8,false
0x8122...3b56,5,8,false
0x91ad...3b75,5,8,false
0x7410...0ad1,4,8,false
0x20ad...9e61,5,8,false
0x2867...2c7c,4,8,false
0xeb10...fd7f,4,8,false
0xa39e...8314,3,8,false
0x6e8a...1a07,4,8,false
0xaf65...e84c,5,8,false
0x818d...5c50,3,8,false
0xb5cf...e28f,5,8,false
0x9803...8fd5,3,8,false
0x1c72...03a2,3,8,false
0x97a8...cd95,3,8,false
0x5390...462f,4,8,false
0x5cba...53ba,3,8,false
0xfe10...e862,5,8,false
0xf9f8...5974,4,8,false
0x26a5...e144,4,8,false
0x8932...fa21,3,8,false
0x0b6c...f28f,3,8,false
0x1fb9...5ac0,5,8,false
0xb104...9d86,4,8,false
0x52c2...fac9,5,8,false
0xf10b...6ed9,5,8,false
0x600c...f252,5,8,false
0x00e9...d60a,3,8,false
0xb657...aa86,5,8,false
0xdbe9...80dc,3,8,false
0xb29c...c0ef,5,9,false
0xc7da...f9cc,5,9,false
0x65f5...6b31,4,9,false
0x9ed4...c56d,4,9,false
0xe3b7...393f,5,9,false
0x2738...57e0,4,9,false
0xf4af...edac,4,9,false
0x0568...5a27,5,9,false
0x405a...d179,4,9,false
0xd32f...41a8,3,9,false
0x5c0d...8df4,4,9,false
0x4747...dcb2,5,9,false
0x197f...7d4b,3,9,false
0x0ba9...e8f5,4,9,false
0x3906...13e1,4,9,false
0xcd10...2fa9,4,9,false
0xcad8...9760,5,9,false
0xb30f...cb8d,4,9,false
0x4e70...711e,5,9,false
0xc2d5...d066,5,9,false
0x69e2...7a79,5,9,false
0x81ce...8cf1,4,9,false
0x14f5...96b7,5,9,false
0x6282...4f88,4,9,false
0x2381...ce3b,3,9,false
0xae26...759c,5,9,false
0x1e59...86b1,5,9,false
0x61f4...75d3,3,9,false
0x2689...9245,5,9,false
0x00f3...131b,4,9,false
0x3c72...b8fe,5,9,false
0xfbd0...c2b1,4,9,false
0x77cc...c4d6,5,9,false
0xa525...597a,4,9,false
0x29bd...e120,5,9,false
0xe6f3...f23c,4,9,false
0x3707...2860,5,9,false
0x7df2...c549,4,9,false
0x787d...e18e,5,9,false
0xcf28...d82e,5,9,false
0xfeb6...1ab4,5,9,false
0xd7bb...0b9c,5,9,false
0xd916...8e33,5,9,false
0x868e...b7e6,4,9,false
0xb0aa...f848,5,9,false
0xcf0b...b798,4,9,false
0x9a86...3bb1,5,9,false
0x55b9...20f7,5,9,false
0x7e22...9d30,4,9,false
0xabdb...d985,5,9,false
0x0836...f2e8,5,9,false
0xbf01...565d,5,9,false
0x9a33...34bf,5,9,false
0xf028...ebe8,5,9,false
0xe62d...21f0,5,9,false
0x4e9b...39d6,5,9,false
0xf361...b5bb,5,9,false
0x5515...056a,4,9,false
0x7bbc...eadf,5,9,false
0xc495...4a36,4,9,false
0xcfde...ee49,5,9,false
0x00c1...6ad0,5,9,false
0x1d59...4531,5,9,false
0x7dba...9e2c,5,9,false
0x6591...cccb,5,9,false
0x1dc7...20e7,5,9,false
0xeea7...4bc3,5,9,false
0xb939...7078,5,9,false
0x9240...9071,5,9,false
0x1909...a6a3,5,9,false
0xe87b...ad95,4,9,false
0xbebf...1d16,3,9,false
0xf0ce...5cd8,5,9,false
0xc832...0a0e,4,9,false
0x006f...60ee,5,9,false
0xfa10...7714,5,9,false
0x4c39...6819,5,9,false
0x46ac...580e,5,9,false
0x653a...88fe,5,9,false
0xc160...f7b1,3,9,false
0x742e...3981,5,9,false
0xd9cb...c3a0,5,9,false
0x78a8...5bc7,5,9,false
0x1733...f490,5,9,false
0x35a2...4b81,3,9,false
0x7aec...bb1d,5,9,false
0x96d7...dc36,5,9,false
0xefb9...5ea0,3,9,false
0x60dd...2d44,5,9,false
0xace8...7488,5,9,false
0x5bff...9ef5,5,9,false
0xe91f...feb7,5,9,false
0x197f...7955,5,9,false
0x135d...0470,4,9,false
0x98d2...b402,5,9,false
0xe234...02f3,5,9,false
0xbb0d...755c,4,9,false
0x467d...ae69,5,9,false
0xfda2...d0f0,5,9,false
0xd933...5d30,5,9,false
0x5b56...e83f,5,10,false
0xc010...6977,5,10,false
0x2d02...7ff2,5,10,false
0xc8db...d650,4,10,false
0x3bb1...b618,3,10,false
0x8d0b...9f64,5,10,false
0x5ac6...231e,3,10,false
0x30ee...19e7,5,10,false
0xc459...4102,5,10,false
0x14d4...ca76,5,10,false
0xf77f...4dfa,4,10,false
0xb6a6...def7,5,10,false
0xe1a2...c67a,3,10,false
0x3665...9d42,5,10,false
0xb11a...2828,4,10,false
0x4564...4141,5,10,false
0x93f5...b0ed,5,10,false
0x4873...79c0,4,10,false
0x5bd0...eb8e,4,10,false
0x4cbe...c054,5,10,false
0x6812...7690,4,10,false
0x8683...dcee,5,10,false
0x6b12...5328,5,10,false
0xb51f...0be2,5,10,false
0x8eb2...e88c,5,10,false
0xd4e9...d2cc,4,10,false
0x6f83...ab5c,5,10,false
0xf3de...1770,5,10,false
0x3e03...b7cd,5,10,false
0x76dd...8821,5,10,false
0x5e5a...e622,5,10,false
0x1d7a...f400,4,10,false
0xf43f...8117,5,10,false
0xe505...28df,5,10,false
0x1519...8303,4,10,false
0xf813...9797,4,10,false
0xe882...9397,5,10,false
0x4bd9...39e6,5,10,false
0x7619...e538,5,10,false
0x486c...a180,5,10,false
0xf27a...e127,5,10,false
0x2967...e311,5,10,false
0xaf33...882f,4,10,false
0xa796...cec3,5,10,false
0x371c...1890,5,10,false
0xa244...0557,5,10,false
0x9bbb...de62,5,10,false
0x2f54...4c1d,5,10,false
0x5967...a437,3,10,false
0x0b46...dfca,5,10,false
0xc29c...9496,5,10,false
0x545e...37df,5,10,false
0x8e97...00e8,5,10,false
0xb4ba...7a75,5,10,false
0x5d0d...f2ab,5,10,false
0xf6b9...aa1c,5,10,false
0xaf9b...ec96,5,10,false
0x6adc...08fc,5,10,false
0xa63e...d068,5,10,false
0xf694...9234,3,10,false
0x8536...393a,5,10,false
0xe209...242f,5,10,false
0xba2d...1017,5,10,false
0x01ed...c55e,4,10,false
0xb1ac...3a56,5,10,false
0x99e8...1a88,4,10,false
0xf097...610e,5,10,false
0xb231...528b,5,10,false
0x87fb...69aa,5,10,false
0xd697...0ca2,5,10,false
0xe73e...0f6f,5,10,false
0xf0a9...424a,5,10,false
0xbaf5...7541,5,10,false
0xd3ae...77e7,3,10,false
0xb132...3ec5,5,10,false
0xa8e5...8df4,5,10,false
0x3710...383d,5,10,false
0x2486...2b09,5,10,false
0xcee7...35b3,4,10,false
0x2af6...a1c1,4,10,false
0xab61...b14e,4,10,false
0x446c...cc5e,5,10,false
0x5b3d...18e6,5,10,false
0xcbe1...f754,5,10,false
0xda50...1843,5,10,false
0x7c5a...2afe,5,10,false
0x977b...772c,5,10,false
0x54de...b2dc,4,10,false
0x8bda...b1e8,5,10,false
0x242f...5d18,4,10,false
0x34a7...eb8a,5,10,false
0x057e...99fb,5,10,false
0x54f9...03dc,4,10,false
0x11e0...8c14,3,10,false
0x39a9...586a,4,10,false
0xa099...dbce,3,10,false
0xe969...0e12,5,10,false
0x6a39...c3bc,5,10,false
0xb371...7557,5,10,false
0xf3ba...9d57,5,10,false
0x1371...befb,5,11,false
0x4228...9599,5,11,false
0x2099...c80c,5,11,false
0x79d8...acf9,4,11,false
0x9f2a...994b,5,11,false
0x1536...221e,5,11,false
0xc29b...cc9e,5,11,false
0x4599...f42a,5,11,false
0x48a9...ce95,5,11,false
0xaa4e...f3bb,5,11,false
0xef59...d3db,5,11,false
0x8b78...ec8b,5,11,false
0xaf03...87af,4,11,false
0xff2a...750f,5,11,false
0xfe6a...14f4,5,11,false
0xa3dd...d063,5,11,false
0x1dc1...8a20,5,11,false
0x0adc...9e94,5,11,false
0x93b5...b8e2,5,11,false
0x794c...7bbe,5,11,false
0x1089...4b57,5,11,false
0x4ce7...4244,5,11,false
0xae4f...8373,5,11,false
0x595a...c68e,5,11,false
0x8ae8...eb7e,5,11,false
0x53fe...05bb,3,11,false
0x4f3f...4a31,5,11,false
0x6ee7...e89c,4,11,false
0xa4e8...0771,5,11,false
0x9513...df51,4,11,false
0xcce0...0053,5,11,false
0xd2a3...a626,5,11,false
0x3721...df2a,5,11,false
0x78cb...70f6,5,11,false
0x56f0...bdf0,5,11,false
0x6516...4073,5,11,false
0x6106...fef9,5,11,false
0x4581...2b2a,5,11,false
0xab9b...fb4f,4,11,false
0xbecb...1621,5,11,false
0x3cf3...f061,5,11,false
0xe011...5b54,5,11,false
0x9be4...bcae,4,11,false
0x6647...b73d,5,11,false
0x7c8d...0e83,5,11,false
0xfcc0...b598,4,11,false
0x0b66...7f65,4,11,false
0x0456...f294,5,11,false
0x531c...83d1,5,11,false
0xf315...ff56,5,11,false
0x9121...39f5,4,11,false
0xf0a2...3e07,5,11,false
0x3cde...51b5,5,11,false
0x4d15...9646,5,11,false
0x586d...e8ef,5,11,false
0x5602...d96e,5,11,false
0xb5cd...d849,5,11,false
0x3e68...c119,5,11,false
0xeb42...ba24,4,11,false
0x3284...f5ce,5,11,false
0x5cad...a5bd,5,11,false
0xa0dd...f22d,5,11,false
0x4860...eadb,5,11,false
0xaf7c...494f,5,11,false
0xd145...4745,5,11,false
0x98c4...7b5f,5,11,false
0xcaab...5d41,4,11,false
0xe771...b807,4,11,false
0x7843...26e8,5,11,false
0xa728...b4f6,4,11,false
0xe8fd...88fe,5,11,false
0x77e3...3026,5,11,false
0x91ff...9d07,5,11,false
0x4212...5342,5,11,false
0xb80c...efa0,5,11,false
0xa417...a567,4,11,false
0x16a6...8ca1,5,11,false
0xc082...71a7,4,11,false
0xb2a5...ddc7,5,11,false
0x23e6...4f66,5,11,false
0x1443...71c1,5,11,false
0x639c...621d,5,11,false
0x4be9...6903,5,11,false
0x0e8e...4f57,5,11,false
0x0e3e...1aac,5,11,false
0x852e...0eb7,5,11,false
0xa2e1...1751,5,11,false
0xcc22...52ca,5,11,false
0x3a0b...b32f,5,11,false
0x0d0d...3bb7,5,11,false
0xcc4e...1949,5,11,false
0xb52f...9787,4,11,false
0xfbde...b2a2,5,11,false
0xdba5...ba62,5,11,false
0x98e0...7d63,5,11,false
0xdbca...bb99,4,11,false
0x9ba9...fe11,5,11,false
0xac96...f99b,5,11,false
0xe10d...e603,5,11,false
0x7c72...8797,5,11,false
0xaaab...bf32,5,12,false
0x22c4...73f0,5,12,false
0x47e9...e670,5,12,false
0xc855...74eb,5,12,false
0x1b4e...294c,5,12,false
0x218e...5460,4,12,false
0x965f...acb0,5,12,false
0xab5a...de7f,5,12,false
0x6a9d...7a20,5,12,false
0xf97e...a172,5,12,false
0x09a8...1e16,5,12,false
0x5b9c...05bf,5,12,false
0xa256...1dd9,5,12,false
0x9fbf...f1df,5,12,false
0xafea...eea3,5,12,false
0x573f...9ce1,5,12,false
0xe02e...e9c8,5,12,false
0xc2cb...6a78,3,12,false
0xce3a...15d9,5,12,false
0x319c...c6c1,5,12,false
0x302d...5ade,5,12,false
0xac7d...069c,5,12,false
0xd514...22c4,5,12,false
0x127c...5811,5,12,false
0xf3d7...853e,5,12,false
0x6710...9ae7,5,12,false
0x9a63...9976,5,12,false
0x3769...5c12,4,12,false
0x431b...32b6,5,12,false
0xf16b...35b3,4,12,false
0xda19...7fea,5,12,false
0xb00f...0791,5,12,false
0x0885...9526,5,12,false
0xfc53...b92c,5,12,false
0x0ed1...87a0,5,12,false
0x281f...b674,5,12,false
0x6796...8ee6,5,12,false
0x9f13...fef5,5,12,false
0xd049...2e9f,5,12,false
0x3a10...9476,5,12,false
0x67a8...2eb6,5,12,false
0x5c70...5992,5,12,false
0xf53b...eac1,4,12,false
0x8e2b...6c01,5,12,false
0xff69...77fa,5,12,false
0xa9c6...47df,5,12,false
0x5c98...e3cb,5,12,false
0x665c...0426,5,12,false
0x9570...7f7b,5,12,false
0xda60...295a,5,12,false
0xf4c4...ef5c,5,12,false
0x6ee0...6aec,5,12,false
0x3c02...71ab,5,12,false
0x9003...76d2,5,12,false
0x0d4a...e578,5,12,false
0x745b...e7c3,5,12,false
0x0962...7375,5,12,false
0xedca...7038,5,12,false
0xad79...07b6,5,12,false
0x531a...bb4f,5,12,false
0x891e...5c44,5,12,false
0xb90a...161a,5,12,false
0x02d9...c6f7,5,12,false
0x8834...7d56,5,12,false
0x362e...0c24,5,12,false
0x0652...7c1d,5,12,false
0x84d1...5091,5,12,false
0xb7cc...dfc4,4,12,false
0x7af5...40ec,5,12,false
0x5be2...f5bf,5,12,false
0x2d6c...0116,5,12,false
0x5a69...2679,5,12,false
0x919c...5a42,5,12,false
0xf3b0...ede6,5,12,false
0x71ec...d3be,5,12,false
0xfa9d...ca46,5,12,false
0xdc9c...7484,5,12,false
0x140e...d5aa,4,12,false
0x758b...6378,5,12,false
0x7a71...ef5c,5,12,false
0xc680...687f,5,12,false
0x6b04...df93,5,12,false
0xe7db...e399,5,12,false
0x353c...e1ee,5,12,false
0x721e...a2ee,5,12,false
0x8776...eb89,5,12,false
0x2a37...e4a4,5,12,false
0x59fa...8832,5,12,false
0x051a...29d7,4,12,false
0x3efd...9d06,5,12,false
0x2820...ad30,5,12,false
0xbbe6...b20c,5,12,false
0x1eb9...9854,5,12,false
0x6f2f...1d3c,5,12,false
0x3bb6...1e91,5,12,false
0xa358...3dbd,5,12,false
0x72d7...0805,5,12,false
0xcd09...2095,5,12,false
0xaa6b...a173,5,12,false
0xf2e5...4443,5,12,false
0x86fe...f277,5,13,false
0x159d...15b7,5,13,false
0x9a88...b31d,5,13,false
0x591b...f1ba,5,13,false
0x979b...f220,5,13,false
0x58b8...dbb0,5,13,false
0x0f1b...04f5,5,13,false
0x0e81...0ba6,5,13,false
0xf3f7...e831,5,13,false
0x7f70...2854,5,13,false
0xf8c1...a22c,5,13,false
0xb6f3...65db,4,13,false
0x32c3...d520,5,13,false
0x7280...9879,5,13,false
0x4021...eeb2,5,13,false
0x9738...782c,5,13,false
0x09f1...b3c9,4,13,false
0xa3bb...c261,5,13,false
0x5827...ec05,5,13,false
0x6d49...1381,5,13,false
0xf99f...2529,4,13,false
0x8271...e706,5,13,false
0x31b0...4bc1,5,13,false
0x4a20...3951,5,13,false
0xbea0...f0e6,5,13,false
0x17a5...1eed,5,13,false
0x0b76...5612,5,13,false
0x827d...ab3b,5,13,false
0x6792...fe5a,5,13,false
0xc3ca...62e4,5,13,false
0x12cf...041b,5,13,false
0xbe73...feb8,5,13,false
0x301e...d2c2,5,13,false
0xe3f5...e62c,5,13,false
0x76b6...88d8,5,13,false
0x51b4...1236,5,13,false
0x4a51...6b04,5,13,false
0x81c6...8cde,5,13,false
0xa4e6...18c4,5,13,false
0x3fda...defc,5,13,false
0x0723...bd33,5,13,false
0xecf7...4433,5,13,false
0xaa26...e3bf,5,13,false
0xafe8...a72e,5,13,false
0x11de...8bfa,5,13,false
0xf710...439e,5,13,false
0x28bf...9322,5,13,false
0xa4a7...f3e6,5,13,false
0xdf53...8101,5,13,false
0xa2ba...1a4f,5,13,false
0x2ff6...4d41,5,13,false
0xec8c...f5bd,5,13,false
0x2c3c...b13d,5,13,false
0x38e8...2d08,5,13,false
0x3eca...1560,5,13,false
0xfe7e...fb71,5,13,false
0x1e85...a8f5,5,13,false
0x44c9...e42e,5,13,false
0xc224...b059,5,13,false
0x045d...e696,5,13,false
0xd8d0...4477,5,13,false
0xfd31...7030,5,13,false