Address, Tier, Wave, Is Promoted, Is CoolOff
0x0014...a70a,1,1,false,false
0x007c...f7bc,1,1,false,false
0x0202...c47e,2,1,false,false
0x0324...5df3,2,1,false,false
0x039e...37d9,1,1,false,false
0x04a7...5e6d,1,1,false,false
0x04e3...2bda,2,1,false,false
0x056a...28e0,2,1,false,false
0x05d0...28e6,2,1,false,false
0x0752...c807,4,1,true,false
0x0826...177e,2,1,false,false
0x0901...2aeb,2,1,false,false
0x0972...3913,2,1,false,false
0x09c1...7f71,2,1,false,false
0x09ff...bbf6,2,1,false,false
0x0a16...68d5,2,1,false,false
0x0ae2...df34,2,1,false,false
0x0b91...d15c,2,1,false,false
0x0c21...4fa5,2,1,false,false
0x0c7b...9b00,1,1,false,false
0x0c9f...a8e6,2,1,false,false
0x0dbd...e454,2,1,false,false
0x0ee4...ad4f,2,1,false,false
0x0f22...1319,2,1,false,false
0x112b...12aa,1,1,false,false
0x112c...b22d,2,1,false,false
0x1151...315a,2,1,false,false
0x134a...3ad8,2,1,false,false
0x138f...e1b3,2,1,false,false
0x14d4...ca76,5,1,true,false
0x1552...eb2c,1,1,false,false
0x1595...8833,2,1,false,false
0x16b5...a684,2,1,false,false
0x1899...bd88,2,1,false,false
0x189f...c136,2,1,false,false
0x189f...e2c2,1,1,false,false
0x197e...9c07,2,1,false,false
0x1a34...da29,2,1,false,false
0x1a67...10b1,2,1,false,false
0x1a7f...03df,1,1,false,false
0x1aa0...cabe,1,1,false,false
0x1b95...4358,2,1,false,false
0x1c3b...423a,2,1,false,false
0x1c78...fbbc,2,1,false,false
0x1cc1...dff9,2,1,false,false
0x1d71...6578,2,1,false,false
0x1e81...8e26,2,1,false,false
0x2020...5ebf,2,1,false,false
0x2050...8d64,2,1,false,false
0x206d...d805,1,1,false,false
0x20ca...69d1,2,1,false,false
0x21ec...4b85,2,1,false,false
0x22a1...bfee,2,1,false,false
0x2411...6210,2,1,false,false
0x248b...c1c5,2,1,false,false
0x2540...93ee,2,1,false,false
0x2590...bed8,2,1,false,false
0x25fb...7070,2,1,false,false
0x263f...6cbb,1,1,false,false
0x26d1...6f19,2,1,false,false
0x278d...589b,1,1,false,false
0x27d1...492c,2,1,false,false
0x2842...58f2,2,1,false,false
0x28cd...821f,2,1,false,false
0x28ea...daef,2,1,false,false
0x2946...debe,2,1,false,false
0x2954...36c9,2,1,false,false
0x2992...3513,1,1,false,false
0x2a51...92bb,1,1,false,false
0x2a9b...b53b,2,1,false,false
0x2b17...3403,2,1,false,false
0x2bf4...3c6b,2,1,false,false
0x2c40...88d1,2,1,false,false
0x2ea0...6c21,2,1,false,false
0x2eec...5ba6,2,1,false,false
0x2f18...754f,2,1,false,false
0x2fb5...8385,2,1,false,false
0x308f...d709,2,1,false,false
0x32eb...7245,1,1,false,false
0x335f...2953,2,1,false,false
0x33ef...4435,2,1,false,false
0x33f6...833f,1,1,false,false
0x3537...e0de,2,1,false,false
0x3557...42cf,2,1,false,false
0x35e0...646b,1,1,false,false
0x3696...3484,2,1,false,false
0x3710...e1ee,2,1,false,false
0x3743...fc74,2,1,false,false
0x3764...b46c,2,1,false,false
0x37b0...ced3,2,1,false,false
0x390a...9c26,2,1,false,false
0x3a00...b562,2,1,false,false
0x3a4b...1b99,2,1,false,false
0x3b97...05ef,2,1,false,false
0x3c73...7905,2,1,false,false
0x3c7e...9319,2,1,false,false
0x3d0d...c426,2,1,false,false
0x3eff...fc7e,2,1,false,false
0x3f90...33e8,2,1,false,false
0x40d2...8087,2,1,false,false
0x41c9...4ec2,2,1,false,false
0x421f...5fe1,2,1,false,false
0x423b...a194,2,1,false,false
0x42cb...571a,2,1,false,false
0x43db...e302,2,1,false,false
0x43e7...57f2,2,1,false,false
0x4468...9a57,2,1,false,false
0x446b...e1d0,2,1,false,false
0x4490...5916,2,1,false,false
0x44ed...27cd,2,1,false,false
0x44fe...160d,2,1,false,false
0x460a...f449,2,1,false,false
0x4658...9b3e,2,1,false,false
0x4715...e730,2,1,false,false
0x4738...7af5,2,1,false,false
0x476e...f58c,2,1,false,false
0x4860...eadb,5,1,true,false
0x4b62...e603,2,1,false,false
0x4b7e...5609,1,1,false,false
0x4d05...780f,2,1,false,false
0x4d16...31a6,2,1,false,false
0x4d4e...9d46,2,1,false,false
0x4d9d...3e36,2,1,false,false
0x4dd5...e932,2,1,false,false
0x4e2f...1721,1,1,false,false
0x4ece...36f9,2,1,false,false
0x4ede...05a4,2,1,false,false
0x4fbe...ed8e,1,1,false,false
0x5076...eeee,2,1,false,false
0x50ee...1795,2,1,false,false
0x50fb...dac3,2,1,false,false
0x519b...b32e,2,1,false,false
0x52ee...26a5,2,1,false,false
0x535a...7a51,2,1,false,false
0x5394...42d8,2,1,false,false
0x53ff...e784,2,1,false,false
0x5487...a2d9,2,1,false,false
0x56c0...22ce,2,1,false,false
0x56e6...4dad,2,1,false,false
0x577c...2b77,2,1,false,false
0x5793...cf95,2,1,false,false
0x57ab...ff09,2,1,false,false
0x580c...b05b,2,1,false,false
0x5821...fbf7,2,1,false,false
0x5834...286a,2,1,false,false
0x59d0...f3dc,2,1,false,false
0x59f7...ccd8,2,1,false,false
0x5a32...d97f,2,1,false,false
0x5bb2...bf9a,2,1,false,false
0x5bbd...8ff9,1,1,false,false
0x5c11...6a7f,2,1,false,false
0x5c24...1d6b,2,1,false,false
0x5c82...6122,2,1,false,false
0x5da9...a606,1,1,false,false
0x6036...8223,2,1,false,false
0x60e1...34b0,2,1,false,false
0x6158...3225,2,1,false,false
0x61eb...4828,2,1,false,false
0x620f...1056,1,1,false,false
0x6267...d6bb,1,1,false,false
0x6364...9b44,2,1,false,false
0x6413...f1b5,2,1,false,false
0x65a4...cf3d,2,1,false,false
0x65d4...42de,1,1,false,false
0x6637...0820,2,1,false,false
0x6687...1dc1,2,1,false,false
0x6895...e65f,2,1,false,false
0x696c...224f,2,1,false,false
0x6980...f2d8,2,1,false,false
0x6b92...1e47,1,1,false,false
0x6bc1...a281,1,1,false,false
0x6e19...e51d,2,1,false,false
0x7026...6653,2,1,false,false
0x705c...3f21,2,1,false,false
0x7082...4452,2,1,false,false
0x71e7...8271,2,1,false,false
0x7243...a9b5,2,1,false,false
0x724a...186e,2,1,false,false
0x7286...756f,2,1,false,false
0x728d...d3a1,2,1,false,false
0x73a9...31d1,1,1,false,false
0x73db...209a,1,1,false,false
0x74aa...5f73,1,1,false,false
0x74c6...0785,2,1,false,false
0x74f8...48da,2,1,false,false
0x751a...4bd2,1,1,false,false
0x7543...d011,2,1,false,false
0x7570...64a6,1,1,false,false
0x75ae...3b7a,1,1,false,false
0x75c2...85c5,2,1,false,false
0x76c4...265d,1,1,false,false
0x77a6...8baf,1,1,false,false
0x78af...7021,2,1,false,false
0x799d...f5bc,2,1,false,false
0x7bb7...f889,2,1,false,false
0x7c12...35e1,2,1,false,false
0x7cfa...1551,2,1,false,false
0x7dfc...b81d,1,1,false,false
0x7e8c...40c0,2,1,false,false
0x7fe8...5246,2,1,false,false
0x802e...a8c8,2,1,false,false
0x80e1...2b6e,2,1,false,false
0x81c8...8a2d,2,1,false,false
0x82ca...3101,1,1,false,false
0x82cf...41f8,2,1,false,false
0x82e8...766a,2,1,false,false
0x8321...cd50,2,1,false,false
0x835a...15bb,2,1,false,false
0x8393...307a,2,1,false,false
0x8399...1475,2,1,false,false
0x84f1...0778,2,1,false,false
0x8642...9d49,2,1,false,false
0x864c...7766,2,1,false,false
0x8664...0ce7,1,1,false,false
0x86dd...9cde,2,1,false,false
0x873a...fc90,2,1,false,false
0x8883...7d25,2,1,false,false
0x8a70...7b03,1,1,false,false
0x8a78...7eac,2,1,false,false
0x8abd...2140,2,1,false,false
0x8c2a...bee8,2,1,false,false
0x8c82...904d,2,1,false,false
0x8ccd...0db0,2,1,false,false
0x8cfe...dd3d,2,1,false,false
0x8eec...0e16,2,1,false,false
0x8f1c...74cb,2,1,false,false
0x8f39...2870,2,1,false,false
0x8fb1...7a6a,2,1,false,false
0x8fe0...bd1c,2,1,false,false
0x9077...5deb,1,1,false,false
0x90b7...fd0b,2,1,false,false
0x90bf...1e22,1,1,false,false
0x9143...1c1a,2,1,false,false
0x914b...c420,2,1,false,false
0x91d6...54bf,2,1,false,false
0x921e...8e90,2,1,false,false
0x9408...52d0,2,1,false,false
0x948f...2811,1,1,false,false
0x94dc...4a96,2,1,false,false
0x9567...83b0,2,1,false,false
0x956e...5b74,1,1,false,false
0x9652...eb10,2,1,false,false
0x9680...e379,1,1,false,false
0x96c3...3403,2,1,false,false
0x975d...2dbf,1,1,false,false
0x976d...7cf4,1,1,false,false
0x97cd...f050,2,1,false,false
0x9818...5885,2,1,false,false
0x9842...9e06,2,1,false,false
0x9878...d0e3,2,1,false,false
0x9902...d2d7,2,1,false,false
0x9a6a...f025,2,1,false,false
0x9bcc...3cfe,2,1,false,false
0x9c3f...1fab,2,1,false,false
0x9ca4...ccbf,1,1,false,false
0x9ce5...93f0,2,1,false,false
0x9d3f...6fcd,2,1,false,false
0x9d8f...af32,2,1,false,false
0x9f1e...fabe,1,1,false,false
0xa198...c58a,2,1,false,false
0xa237...481d,2,1,false,false
0xa23a...d443,2,1,false,false
0xa241...da68,2,1,false,false
0xa2dc...697b,1,1,false,false
0xa415...0fcd,2,1,false,false
0xa50e...9273,2,1,false,false
0xa5aa...3954,2,1,false,false
0xa5f0...bc8e,2,1,false,false
0xa64a...8893,1,1,false,false
0xa681...2cda,2,1,false,false
0xa6c9...2165,2,1,false,false
0xa70b...86dd,2,1,false,false
0xa7d6...2520,4,1,true,false
0xa7f6...d05c,2,1,false,false
0xa802...d79e,2,1,false,false
0xa8c6...cb40,2,1,false,false
0xaaef...3752,2,1,false,false
0xabb3...488a,2,1,false,false
0xace1...f82d,2,1,false,false
0xad25...b733,1,1,false,false
0xad9d...1fb3,2,1,false,false
0xae01...687b,2,1,false,false
0xae34...9902,2,1,false,false
0xae36...f19b,1,1,false,false
0xaf79...32b0,2,1,false,false
0xafb2...ae95,2,1,false,false
0xb16a...318d,2,1,false,false
0xb1b6...7b76,2,1,false,false
0xb1ce...74e1,2,1,false,false
0xb264...5b98,2,1,false,false
0xb347...2dec,1,1,false,false
0xb3d8...71b1,2,1,false,false
0xb3d8...f64e,1,1,false,false
0xb47e...66ac,2,1,false,false
0xb53d...f7b6,1,1,false,false
0xb598...038c,1,1,false,false
0xb5c6...23cc,2,1,false,false
0xb5ca...81c3,2,1,false,false
0xb639...8fae,2,1,false,false
0xb66e...2039,2,1,false,false
0xb6ba...b371,2,1,false,false
0xb6d6...2277,2,1,false,false
0xb6e1...14c9,2,1,false,false
0xb6f4...b1ec,2,1,false,false
0xb738...3be6,2,1,false,false
0xb75a...0cf1,2,1,false,false
0xb7bb...c1bd,2,1,false,false
0xb894...fd5e,2,1,false,false
0xb91d...91b2,2,1,false,false
0xba17...186f,2,1,false,false
0xba42...a10c,2,1,false,false
0xba6d...72c5,2,1,false,false
0xbaf7...c406,2,1,false,false
0xbbed...4ee6,2,1,false,false
0xbc78...9599,2,1,false,false
0xbcae...8472,2,1,false,false
0xbcb2...3729,2,1,false,false
0xbf39...7413,1,1,false,false
0xbf59...2ad3,2,1,false,false
0xbf5c...c282,2,1,false,false
0xbfa3...36e3,2,1,false,false
0xc021...cde6,2,1,false,false
0xc022...41b1,2,1,false,false
0xc0fa...bc2e,2,1,false,false
0xc19f...27a7,2,1,false,false
0xc1c4...dc51,2,1,false,false
0xc287...08ed,2,1,false,false
0xc2cb...6a78,1,1,false,false
0xc63f...9c95,2,1,false,false
0xc804...5a0a,1,1,false,false
0xc81a...bb2d,2,1,false,false
0xc876...10b7,2,1,false,false
0xcad2...7d9b,2,1,false,false
0xcae3...4b49,2,1,false,false
0xcb7d...d335,2,1,false,false
0xcb85...a39a,2,1,false,false
0xcc73...bb7e,2,1,false,false
0xcc85...b709,1,1,false,false
0xcd9d...76dc,2,1,false,false
0xcda9...12cf,2,1,false,false
0xcdbe...0d8e,2,1,false,false
0xce7a...7f3f,2,1,false,false
0xcf02...55c8,2,1,false,false
0xcf5e...dacf,2,1,false,false
0xcfb3...e55c,1,1,false,false
0xd174...b06a,1,1,false,false
0xd193...174b,2,1,false,false
0xd23b...ac3a,2,1,false,false
0xd286...15ab,2,1,false,false
0xd416...80f9,1,1,false,false
0xd4d1...34c4,2,1,false,false
0xd53b...7a06,2,1,false,false
0xd628...6d85,2,1,false,false
0xd657...ac80,1,1,false,false
0xd7e0...32eb,2,1,false,false
0xd802...9753,2,1,false,false
0xd831...b64d,2,1,false,false
0xd86e...d867,2,1,false,false
0xda11...93d3,2,1,false,false
0xdaf7...c28e,2,1,false,false
0xdbec...9086,2,1,false,false
0xddb5...d63c,1,1,false,false
0xdee5...1699,2,1,false,false
0xdfb5...c218,2,1,false,false
0xe056...3f0a,2,1,false,false
0xe0c4...ba68,1,1,false,false
0xe105...ac6c,2,1,false,false
0xe13e...3b36,1,1,false,false
0xe143...5b13,2,1,false,false
0xe146...1648,1,1,false,false
0xe1c4...f31c,1,1,false,false
0xe374...f0c0,2,1,false,false
0xe42c...00e8,2,1,false,false
0xe47a...5211,2,1,false,false
0xe5cc...5d2e,2,1,false,false
0xe628...25a8,2,1,false,false
0xe6bf...c98b,1,1,false,false
0xe6e1...3a4f,2,1,false,false
0xe702...09e2,2,1,false,false
0xe71c...b16a,2,1,false,false
0xe7f3...6f3f,2,1,false,false
0xe938...ccb2,2,1,false,false
0xe999...be95,2,1,false,false
0xeaec...5c9a,2,1,false,false
0xebe2...1a92,1,1,false,false
0xec8c...f5bd,2,1,false,false
0xecdd...be7d,2,1,false,false
0xedf7...4814,2,1,false,false
0xee83...b793,2,1,false,false
0xefbd...81df,1,1,false,false
0xf054...5f23,1,1,false,false
0xf0a4...fa37,1,1,false,false
0xf0c8...d1f0,2,1,false,false
0xf14d...5a9f,2,1,false,false
0xf14d...5174,2,1,false,false
0xf2cb...f147,2,1,false,false
0xf300...b629,2,1,false,false
0xf4b9...ccc6,2,1,false,false
0xf4bc...6ece,2,1,false,false
0xf546...7fd1,2,1,false,false
0xf565...9d3c,2,1,false,false
0xf575...ab3d,2,1,false,false
0xf57d...df8b,2,1,false,false
0xf5b8...7bf4,2,1,false,false
0xf797...367d,2,1,false,false
0xf7cf...6299,2,1,false,false
0xf7f1...78a2,2,1,false,false
0xf8c6...de5a,2,1,false,false
0xf8c7...413d,2,1,false,false
0xf9a2...9637,1,1,false,false
0xfa24...da8f,2,1,false,false
0xfa7d...e3ac,2,1,false,false
0xfb7d...89be,2,1,false,false
0xfc3a...8877,1,1,false,false
0xfcf4...a889,2,1,false,false
0xfd45...f66c,2,1,false,false
0xfd67...efc7,1,1,false,false
0xfe39...eb37,2,1,false,false
0xfe4b...a27e,2,1,false,false
0xfe6c...1b26,2,1,false,false
0xfe6f...dcea,2,1,false,false
0xfe7f...ec44,1,1,false,false
0xfead...7b00,2,1,false,false
0xff2c...510d,1,1,false,false
0xffb0...9d62,2,1,false,false
0xbf80...32a1,5,1,false,false
0x03d4...401e,4,1,false,false
0xf8f6...b764,3,1,false,false
0xee15...420b,3,1,false,false
0xb0ba...e57e,5,1,false,false
0xf18c...e9ff,3,1,false,false
0xdbfb...5acf,4,1,false,false
0x0687...0643,5,1,false,false
0x54ad...5a27,3,1,false,false
0xe180...f95c,3,1,false,false
0x97a8...cd95,3,1,false,false
0xa94e...83d9,3,1,false,false
0xf5d6...610f,3,1,false,false
0x0a5c...cc22,3,1,false,false
0xe8b5...fab0,3,1,false,false
0xdf5d...2989,5,1,false,false
0x5c70...5992,3,1,false,false
0xc840...a3d0,3,1,false,false
0xbe4b...7b74,5,1,false,false
0xdf3f...0404,3,1,false,false
0x9de2...5a61,4,1,false,false
0x197f...7d4b,3,1,false,false
0xa9f4...6a6d,4,1,false,false
0x42e2...fb22,3,1,false,false
0x5be2...f5bf,4,1,false,false
0x6046...7e57,3,1,false,false
0x5967...a437,3,1,false,false
0x4393...1d4e,3,1,false,false
0x4f50...4815,3,1,false,false
0x1643...fb98,3,1,false,false
0x58ec...d562,3,1,false,false
0x87d2...07b0,4,1,false,false
0x3bb1...b618,3,1,false,false
0xb1c7...38e3,3,1,false,false
0xfa23...9760,3,1,false,false
0x6398...7603,3,1,false,false
0x88f3...a870,5,1,false,false
0x3890...3a5c,4,1,false,false
0x542a...11e8,4,1,false,false
0xb2ab...9f67,5,1,false,false
0xb8be...c344,5,1,false,false
0x648e...0e33,3,2,false,false
0x6725...264b,4,2,false,false
0x4e54...69bf,3,2,false,false
0x3fae...83e3,3,2,false,false
0x2863...8031,3,2,false,false
0xb497...d51b,3,2,false,false
0xb82f...a4cf,3,2,false,false
0x3124...a8f4,4,2,false,false
0x6ee7...e89c,3,2,false,false
0x83b3...b566,5,2,false,false
0x2411...4949,3,2,false,false
0x118e...d504,4,2,false,false
0x3ed1...d451,3,2,false,false
0x087f...554b,3,2,false,false
0xa358...3dbd,5,2,false,false
0xbcf1...8bf7,3,2,false,false
0xb33b...e7f1,3,2,false,false
0x8ceb...f1ee,3,2,false,false
0xdaa4...d794,5,2,false,false
0x34cb...1d0d,5,2,false,false
0xfaf2...d1c6,5,2,false,false
0xc32c...e8eb,3,2,false,false
0xd0dd...5781,5,2,false,false
0x696a...a56c,4,2,false,false
0x4a1b...9068,3,2,false,false
0x66d8...2494,3,2,false,false
0xfc9c...7c4e,5,2,false,false
0xc600...127e,3,2,false,false
0xb2e1...efd2,3,2,false,false
0x1183...fa99,5,2,false,false
0x507e...5d3b,5,2,false,false
0xdfdd...00c1,5,2,false,false
0x416b...6730,3,2,false,false
0x0ada...b347,4,2,false,false
0x1fa2...4869,3,2,false,false
0xc0af...89ee,5,2,false,false
0x4cad...f9be,3,2,false,false
0x9bb9...0d34,3,2,false,false
0xd3ae...77e7,3,2,false,false
0x7b1a...006a,5,2,false,false
0x3562...a82a,4,2,false,false
0xf3c3...600f,3,2,false,false
0x2863...c589,3,2,false,false
0x7e49...f65c,3,2,false,false
0x4254...b20f,3,2,false,false
0x2ccb...714f,3,2,false,false
0x947f...74d2,3,2,false,false
0x4448...07ee,5,2,false,false
0x183e...120e,3,2,false,false
0x8e5e...a80f,3,2,false,false
0x6b2b...fb65,3,2,false,false
0xf5b6...a8c1,3,2,false,false
0xd114...b6c4,3,2,false,false
0x7a35...e347,3,2,false,false
0x2765...df73,3,2,false,false
0x8e41...99a7,4,2,false,false
0x2ab9...e2dc,3,2,false,false
0x522e...691d,4,2,false,false
0x966a...11be,4,2,false,false
0x725b...924f,3,2,false,false
0x7ef4...5370,3,2,false,false
0xedbf...a1b5,3,2,false,false
0xea69...40ff,4,2,false,false
0xcabc...461b,3,2,false,false
0xb9bc...1a6b,5,2,false,false
0x5358...76fc,3,2,false,false
0x86bf...743b,3,2,false,false
0x0382...9c73,3,2,false,false
0xbd84...6a35,3,2,false,false
0xb9fd...1c40,3,2,false,false
0xd559...1dcf,5,2,false,false
0x90a1...0ac8,4,2,false,false
0x012d...9ea7,3,2,false,false
0x6b4d...8d1a,5,2,false,false
0xc832...0a0e,4,2,false,false
0x68da...8e9a,3,2,false,false
0x467d...ae69,5,2,false,false
0x1e9b...72d4,4,2,false,false
0x36e0...52bd,3,2,false,false
0xdf2e...dc80,3,2,false,false
0xb57b...35c8,5,2,false,false
0xc37e...2ca7,3,2,false,false
0xc5f5...4be9,4,2,false,false
0xecd6...f9a4,4,2,false,false
0x64c8...9100,3,2,false,false
0x7362...4b22,3,2,false,false
0x8d60...3fa2,4,2,false,false
0x6265...c58a,3,2,false,false
0xbf27...241c,3,2,false,false
0xfff5...b455,3,2,false,false
0xefbb...3f86,3,2,false,false
0x9264...e2d8,3,2,false,false
0x3a09...9cc5,4,2,false,false
0xed6e...e1b4,3,2,false,false
0x68ee...0ad8,5,2,false,false
0x5d20...2b8f,4,2,false,false
0x8f7a...70e4,4,2,false,false
0xfd18...4a01,5,2,false,false
0x53c4...acda,3,2,false,false
0xc73f...3258,3,2,false,false
0x5ffc...aa6c,3,3,false,false
0xd9de...e7e3,5,3,false,false
0x3033...d915,5,3,false,false
0xdbca...bb99,4,3,false,false
0x3d16...f0e2,4,3,false,false
0xf8fc...a8f2,5,3,false,false
0x11c7...b2e0,4,3,false,false
0x3238...5564,4,3,false,false
0x64a2...e289,4,3,false,false
0x79d8...acf9,4,3,false,false
0x2738...57e0,4,3,false,false
0x470f...8b95,3,3,false,false
0xf1e2...6129,3,3,false,false
0xc404...a385,4,3,false,false
0xa43d...df25,4,3,false,false
0x4a51...6b04,4,3,false,false
0xb393...eda2,5,3,false,false
0x8110...2697,5,3,false,false
0x0538...91b2,3,3,false,false
0xa169...6a2e,5,3,false,false
0xf81b...c96c,5,3,false,false
0xe553...b707,3,3,false,false
0x16f3...0179,5,3,false,false
0x26f5...c0b7,5,3,false,false
0x9980...4f3b,3,3,false,false
0xa3ee...5da6,5,3,false,false
0x85b8...c928,3,3,false,false
0x1762...da39,5,3,false,false
0xa172...bff0,5,3,false,false
0x4ee0...3d17,3,3,false,false
0x7b56...57a2,3,3,false,false
0x87f5...a695,3,3,false,false
0x7c72...8797,5,3,false,false
0xec45...c665,5,3,false,false
0x1a2d...66cf,5,3,false,false
0x39cf...a497,4,3,false,false
0xe476...8bba,5,3,false,false
0xd0f5...7912,3,3,false,false
0x7f1b...4bfa,3,3,false,false
0x24b2...0b1f,5,3,false,false
0x3769...5c12,4,3,false,false
0x1f67...fd21,4,3,false,false
0x5515...056a,4,3,false,false
0x2820...ad30,5,3,false,false
0xaf03...87af,3,3,false,false
0xf64d...09b0,5,3,false,false
0xeaa8...4c2a,5,3,false,false
0x0602...185b,4,3,false,false
0xa03c...0e9e,4,3,false,false
0x52e6...64ab,4,3,false,false
0x8a8a...c796,3,3,false,false
0xeb61...507e,4,3,false,false
0x7b10...cba6,4,3,false,false
0xddd2...9d32,4,3,false,false
0x70f8...df1a,5,3,false,false
0x7cdd...a398,3,3,false,false
0xc698...c1ab,5,3,false,false
0x5e5a...e622,4,3,false,false
0x9a08...7205,4,3,false,false
0x8a30...bfc8,4,3,false,false
0xd049...2e9f,4,3,false,false
0x0052...52c1,4,3,false,false
0x38d9...e8e3,3,3,false,false
0xb676...c44c,3,3,false,false
0x7422...b8a7,4,3,false,false
0xb488...c98d,3,3,false,false
0xd850...8052,5,3,false,false
0x2af6...a1c1,4,3,false,false
0xea19...a9d0,4,3,false,false
0x242f...5d18,3,3,false,false
0x3048...fb45,4,3,false,false
0xebde...dabc,4,3,false,false
0xc757...e677,5,3,false,false
0xd622...741d,5,3,false,false
0x9ec3...d999,3,3,false,false
0xbe92...c586,5,3,false,false
0xfe72...5876,5,3,false,false
0xa2c7...8d58,5,3,false,false
0xbecb...1621,5,3,false,false
0x5d0d...f2ab,3,3,false,false
0x202c...c4ac,5,3,false,false
0xc445...f9e7,3,3,false,false
0x0a44...0754,4,3,false,false
0x89a8...5b0d,5,3,false,false
0x9c53...3a13,4,3,false,false
0xbcfd...a7ff,3,3,false,false
0x7427...3f3e,5,3,false,false
0xec81...4845,3,3,false,false
0xa244...0557,5,3,false,false
0xcd10...bd42,3,3,false,false
0x06a6...ad35,4,3,false,false
0xb054...495b,5,3,false,false
0xa0dd...f22d,5,3,false,false
0x2b2d...4b9a,4,3,false,false
0x6df2...082e,5,3,false,false
0xb44f...afb7,5,3,false,false
0xdcae...82c4,5,3,false,false
0xc8a9...5204,5,3,false,false
0x3d34...bcc7,4,3,false,false
0x2dc4...35e7,4,3,false,false
0xc8bf...ce63,5,4,false,false
0xd630...1699,4,4,false,false
0xdaab...4363,4,4,false,false
0x4d9d...ae22,5,4,false,false
0xd51a...98ff,3,4,false,false
0x62ae...a762,5,4,false,false
0x3958...f104,5,4,false,false
0x8122...3b56,5,4,false,false
0x95f4...3b04,3,4,false,false
0x8021...2a4b,5,4,false,false
0x5c4e...3f72,4,4,false,false
0xc9a3...48a2,5,4,false,false
0x5b88...011b,5,4,false,false
0x168b...6033,5,4,false,false
0x35ad...7204,4,4,false,false
0x93f5...b0ed,5,4,false,false
0xa76e...ee61,4,4,false,false
0xef8e...2473,5,4,false,false
0x29a2...5f62,5,4,false,false
0xeea7...4bc3,5,4,false,false
0xa079...50c7,5,4,false,false
0x0dfd...ee28,4,4,false,false
0x0ec6...0e90,4,4,false,false
0x8a0a...e2de,5,4,false,false
0x39c9...1763,3,4,false,false
0x4f7c...30d7,5,4,false,false
0x1ffd...6854,5,4,false,false
0xdabc...c51f,5,4,false,false
0xf69c...d7ee,5,4,false,false
0x8271...e706,5,4,false,false
0x571a...e2e1,5,4,false,false
0xcc98...a30d,4,4,false,false
0xc8bd...1816,5,4,false,false
0x01ed...c55e,4,4,false,false
0x9a63...9976,5,4,false,false
0xa767...799c,5,4,false,false
0x4886...b25d,4,4,false,false
0xf361...b5bb,5,4,false,false
0xd462...b7a0,5,4,false,false
0xe712...526a,5,4,false,false
0x7160...8796,5,4,false,false
0xc066...bc28,5,4,false,false
0x81d1...d8b9,5,4,false,false
0x77a7...0e14,5,4,false,false
0x9fbf...f1df,5,4,false,false
0x5b0e...744a,5,4,false,false
0x3a4a...e3d6,5,4,false,false
0x8189...c167,5,4,false,false
0xd514...22c4,5,4,false,false
0x876c...8f48,5,4,false,false
0xdb99...e868,5,4,false,false
0xd552...cf84,4,4,false,false
0xbbcb...0f62,5,4,false,false
0x02d9...c6f7,5,4,false,false
0xb737...a2a4,3,4,false,true
0xcad3...700b,3,4,false,true
0x43ba...7162,3,4,false,true
0x53cf...31e7,3,4,false,true
0x3dba...e310,3,4,false,true
0xa417...fb07,3,4,false,true
0x00e9...d60a,3,4,false,true
0xd30c...7967,3,4,false,true
0xf20f...1906,3,4,false,true
0x52ce...122c,4,4,false,true
0x2099...c80c,5,4,false,true
0xb7e0...7c5c,3,4,false,true
0xfde6...408b,3,4,false,true
0xfd78...8601,3,4,false,true
0xb6ae...e316,5,4,false,true
0x159d...02fd,3,4,false,true
0x76f3...03db,5,4,false,true
0xc723...3890,5,4,false,true
0x39a9...586a,3,4,false,true
0x8011...d0bb,5,4,false,true
0xb29d...3a3b,3,4,false,true
0x6ac6...680b,3,4,false,true
0x0f9f...bd3b,3,4,false,true
0x5142...5013,4,4,false,true
0x6b30...b9f1,5,4,false,true
0x00ac...d697,3,4,false,true
0x4362...c417,3,4,false,true
0xcc52...25f3,4,4,false,true
0x41f2...e9b7,3,4,false,true
0xa728...b4f6,4,4,false,true
0x57fb...cbbb,3,4,false,true
0xb0aa...f848,5,4,false,true
0xadda...928b,5,4,false,true
0x6f66...e856,3,4,false,true
0x2348...35e1,3,4,false,true
0xf3cc...48b3,3,4,false,true
0xc1de...41b7,4,4,false,true
0x7463...0124,3,4,false,true
0x31de...e7c8,5,4,false,true
0x1045...28ac,3,4,false,true
0x360f...cc95,3,4,false,true
0x8558...e58c,3,4,false,true
0x758b...6378,5,4,false,true
0x6625...ca6a,3,4,false,true
0xeaf5...0fe1,4,4,false,true
0x2ad9...8d14,3,4,false,true
0x69d2...eb80,3,5,false,true
0x6eb4...03e4,3,5,false,true
0xacf1...53c2,5,5,false,true
0x4627...bba3,3,5,false,true
0xc9e6...a009,4,5,false,true
0x4f24...3c59,3,5,false,true
0xcee4...68aa,3,5,false,true
0xc583...5d5c,3,5,false,true
0xdb3b...58a4,3,5,false,true
0x9054...3e47,3,5,false,true
0x6229...c742,3,5,false,true
0x253b...7131,5,5,false,true
0x6997...64fd,3,5,false,true
0x210f...0d7a,5,5,false,true
0x090c...5f2c,3,5,false,true
0x0f85...c617,4,5,false,true
0x1785...bbdd,3,5,false,true
0x9221...dfef,5,5,false,true
0x21f2...b313,3,5,false,true
0x8bfb...2558,3,5,false,true
0x1920...6546,3,5,false,true
0x26da...c726,3,5,false,true
0x4006...6d15,5,5,false,true
0xb6fb...bb62,3,5,false,true
0x9096...0b40,4,5,false,true
0x831c...c4e7,3,5,false,true
0x9003...76d2,5,5,false,true
0xb117...1432,3,5,false,true
0xfe84...8cb8,3,5,false,true
0xe0c2...5e2b,3,5,false,true
0xc697...5e0e,3,5,false,true
0x2239...8d3e,5,5,false,true
0x99f6...a375,3,5,false,true
0xa275...6335,3,5,false,true
0x754a...e5c1,3,5,false,true
0x891e...5c44,5,5,false,true
0x9305...6f93,5,5,false,true
0xf8d2...9e71,3,5,false,true
0x0e26...dadb,3,5,false,true
0xcd10...2fa9,4,5,false,true
0xb463...22c9,4,5,false,true
0x70cc...c649,3,5,false,true
0xfbd0...c2b1,4,5,false,true
0xb187...a919,4,5,false,true
0x80e7...88b7,3,5,false,true
0x7bec...6968,3,5,false,true
0x9121...39f5,4,5,false,true
0x14f5...96b7,5,5,false,true
0x760e...e8fe,3,5,false,true
0x4596...bb2a,5,5,false,true
0xdbcf...e9e3,5,5,false,true
0x586b...4f10,4,5,false,true
0xa674...504c,3,5,false,true
0xf2e5...4443,5,5,false,true
0x977b...772c,4,5,false,true
0x81e3...4f5f,3,5,false,true
0x8c7f...4619,5,5,false,true
0x2af4...b350,3,5,false,true
0xc29c...9496,5,5,false,true
0x3a96...f08c,3,5,false,true
0x1089...4b57,5,5,false,true
0xbf8d...7fdc,5,5,false,true
0x252e...8586,3,5,false,true
0x4cf2...f852,3,5,false,true
0x3d52...0e63,3,5,false,true
0x933d...b244,3,5,false,true
0x712a...b78e,5,5,false,true
0xefb9...5ea0,3,5,false,true
0x6632...bc0b,3,5,false,true
0x76db...ec6a,5,5,false,true
0x1e60...ccfa,5,5,false,true
0x0b40...4f11,5,5,false,true
0xd4f1...b713,3,5,false,true
0xde78...9c71,3,5,false,true
0x35a2...4b81,3,5,false,true
0x2967...e311,5,5,false,true
0xf7e1...38f6,3,5,false,true
0x68c3...c44c,5,5,false,true
0xc459...4102,5,5,false,true
0xaa97...b82d,5,5,false,true
0x9e7f...805f,5,5,false,true
0xb17d...d97e,3,5,false,true
0x0c4a...15ba,3,5,false,true
0x34dc...a523,3,5,false,true
0x3243...904c,5,5,false,true
0x83a3...a3be,3,5,false,true
0x09f1...b3c9,4,5,false,true
0x591b...e4be,4,5,false,true
0xcbb5...b4c3,5,5,false,true
0xf642...95e8,4,5,false,true
0x1c72...03a2,3,5,false,true
0xb231...528b,5,5,false,true
0x0cbf...d692,3,5,false,true
0x980b...53a2,3,5,false,true
0xf43f...8117,5,5,false,true
0x5821...f1f6,3,5,false,true
0xb677...7add,3,5,false,true
0x82b4...c00b,5,5,false,true
0xaee9...f049,4,5,false,true
0xa1bc...457f,5,5,false,true
0x2d6c...0116,5,6,false,true
0x4225...20da,3,6,false,true
0x00c1...6ad0,5,6,false,true
0xe35e...23c2,3,6,false,true
0xbccb...ed91,5,6,false,true
0x61e2...ebf1,3,6,false,true
0xd045...9e44,3,6,false,true
0xccd9...f58e,4,6,false,true
0xf097...610e,3,6,false,true
0x9279...bec9,4,6,false,true
0xd2d5...86fb,5,6,false,true
0x9530...6cfa,4,6,false,true
0xa1fb...6492,3,6,false,true
0xeb00...11c3,3,6,false,true
0x5390...462f,4,6,false,true
0x34b0...2bf8,4,6,false,true
0xbce5...0150,3,6,false,true
0x774f...991c,5,6,false,true
0x7bbc...eadf,4,6,false,true
0xcee7...35b3,3,6,false,true
0x4ebe...1893,3,6,false,true
0x1563...5ba0,4,6,false,true
0xc495...4a36,3,6,false,true
0xe3f7...86dc,3,6,false,true
0xa19e...69cc,5,6,false,true
0x422c...c5dd,3,6,false,true
0xac25...d2ec,4,6,false,true
0xf5b1...8229,5,6,false,true
0x79f1...cb4c,3,6,false,true
0x082c...c878,5,6,false,true
0xad88...c82c,4,6,false,true
0xef30...1f02,3,6,false,true
0x4f2e...4360,3,6,false,true
0x68b3...16db,4,6,false,true
0xfb34...3413,4,6,false,true
0x6d6d...8855,4,6,false,true
0x5976...26ab,5,6,false,true
0x818d...5c50,3,6,false,true
0x97d3...a281,3,6,false,true
0x61f4...75d3,3,6,false,true
0xb97a...86c6,4,6,false,true
0x6fd6...d7c7,3,6,false,true
0x0cb0...59c8,4,6,false,true
0x49cb...d672,3,6,false,true
0x99dd...4093,3,6,false,true
0x6100...9ebf,4,6,false,true
0x7591...c6e2,3,6,false,true
0xc6e1...0d97,3,6,false,true
0x0955...26c1,5,6,false,true
0x131f...41b9,4,6,false,true
0x85e0...df70,5,6,false,true
0x0ed4...3481,4,6,false,true
0x7841...8dbc,3,6,false,true
0x4047...697b,5,6,false,true
0x3dc4...51cf,4,6,false,true
0xc304...3fb5,3,6,false,true
0x0ba9...e8f5,4,6,false,true
0x31e2...a737,5,6,false,true
0xe81f...4dd5,4,6,false,true
0xcc3c...1710,3,6,false,true
0xde53...4675,5,6,false,true
0xfbde...b2a2,5,6,false,true
0xd4ad...740d,3,6,false,true
0x5c98...e3cb,3,6,false,true
0x11c0...04f6,3,6,false,true
0x02c2...b179,3,6,false,true
0x33d7...9ab7,3,6,false,true
0x148a...e04e,3,6,false,true
0xcc45...a3a0,5,6,false,true
0x03c6...4f17,5,6,false,true
0xcb7e...316b,5,6,false,true
0x584d...14ac,3,6,false,true
0x0474...5a85,3,6,false,true
0xa6c0...1170,5,6,false,true
0xe771...b807,3,6,false,true
0x896b...d2c8,4,6,false,true
0xc7da...f9cc,5,6,false,true
0x0e4f...e6f8,4,6,false,true
0xa485...bbf2,5,6,false,true
0x1e85...a8f5,5,6,false,true
0x9084...9723,5,6,false,true
0x4e70...711e,5,6,false,true
0x8a42...be70,5,6,false,true
0x4bf0...8e01,5,6,false,true
0x7c5a...2afe,5,6,false,true
0x490c...cf40,3,6,false,true
0xcfbe...cf5c,3,6,false,true
0xa403...bc0f,3,6,false,true
0xe7db...e399,5,6,false,true
0xce78...d8fa,4,6,false,true
0x2c0b...afc3,3,6,false,true
0x0770...b916,3,6,false,true
0xae59...83c2,3,6,false,true
0x4eff...98b5,5,6,false,true
0x6324...2a72,5,6,false,true
0x43dc...fef8,5,6,false,true
0x88bf...6ad3,5,6,false,true
0x0b76...5612,5,6,false,true
0x0b4f...5be1,5,6,false,true
0xf0a9...424a,5,6,false,true
0x2ce3...1635,4,7,false,true
0x0099...208b,3,7,false,true
0xcc22...52ca,5,7,false,true
0xe011...5b54,3,7,false,true
0xd32f...41a8,3,7,false,true
0xc554...df5c,5,7,false,true
0xdf59...84e5,5,7,false,true
0x0717...a857,3,7,false,true
0x19bb...1cc4,5,7,false,true
0x12cf...041b,4,7,false,true
0xf21c...5cc8,3,7,false,true
0xcdd2...be55,5,7,false,true
0x6437...c60e,3,7,false,true
0x86fe...f277,5,7,false,true
0x17a5...1eed,5,7,false,true
0x78d0...ba97,5,7,false,true
0x65d3...4381,4,7,false,true
0xbefc...db98,3,7,false,true
0x967b...8273,5,7,false,true
0x52f8...7434,5,7,false,true
0x20cb...f32d,3,7,false,true
0x4e65...c954,3,7,false,true
0xe232...f822,4,7,false,true
0xb8d6...cb2d,5,7,false,true
0xc4f0...b914,3,7,false,true
0x0edd...1f40,5,7,false,true
0x5427...dc66,5,7,false,true
0xf65c...879a,5,7,false,true
0x73b6...82f8,3,7,false,true
0x465d...d894,4,7,false,true
0x6f2f...1d3c,5,7,false,true
0x3205...b960,5,7,false,true
0x005c...c6ed,4,7,false,true
0x06be...e5eb,3,7,false,true
0xac79...7ea1,3,7,false,true
0xe7da...875d,3,7,false,true
0x868e...b7e6,4,7,false,true
0x4186...8cff,5,7,false,true
0xacf1...c686,5,7,false,true
0x9617...d0de,3,7,false,true
0x4660...9980,3,7,false,true
0xf46d...3171,3,7,false,true
0xdb7d...1c42,3,7,false,true
0xf813...9797,4,7,false,true
0x23d3...5936,3,7,false,true
0xc8e0...b819,5,7,false,true
0x5602...6791,3,7,false,true
0x570c...e9d0,3,7,false,true
0x3146...af50,3,7,false,true
0x787d...e18e,3,7,false,true
0x7a04...3fa2,4,7,false,true
0x3d5d...3d7e,5,7,false,true
0xf692...425e,3,7,false,true
0x773e...2446,3,7,false,true
0x60ad...2f3b,4,7,false,true
0x65f5...6b31,4,7,false,true
0x5d88...1495,3,7,false,true
0x1708...f578,3,7,false,true
0x914d...0774,4,7,false,true
0xbf5c...1739,5,7,false,true
0xee06...08b6,4,7,false,true
0x9d2e...bbe6,4,7,false,true
0x7934...be39,3,7,false,true
0x8639...1063,3,7,false,true
0xf6b9...aa1c,5,7,false,true
0xb00f...0791,3,7,false,true
0x73a9...8054,5,7,false,true
0x5775...52fb,5,7,false,true
0x8ca9...45d2,3,7,false,true
0xc205...1bda,3,7,false,true
0xc95e...3f23,5,7,false,true
0xc24d...27e8,3,7,false,true
0x70e3...3ab5,5,7,false,true
0xac30...74d0,5,7,false,true
0xbfad...ad6c,3,7,false,true
0x5072...9de1,3,7,false,true
0x54f9...03dc,4,7,false,true
0xb6a6...def7,5,7,false,true
0xbd78...afaa,3,7,false,true
0x8771...eb0a,5,7,false,true
0x0466...be97,4,7,false,true
0xd546...2354,4,7,false,true
0xc74d...77f0,3,7,false,true
0x6b9b...1b58,4,7,false,true
0x7358...bfea,3,7,false,true
0x0610...4e74,3,7,false,true
0x380d...b101,4,7,false,true
0xa7db...30c7,5,7,false,true
0xfdc2...3437,5,7,false,true
0x5b97...67dc,5,7,false,true
0x93cf...f568,3,7,false,true
0xb5cf...e28f,5,7,false,true
0x6adc...08fc,5,7,false,true
0xaa26...e3bf,5,7,false,true
0x5c22...c7ec,5,7,false,true
0xe62d...21f0,5,7,false,true
0xfe37...9f2a,3,7,false,true
0x4590...662b,5,7,false,true
0x6796...8ee6,5,7,false,true
0x672c...60e5,5,7,false,true
0x5c50...437c,3,8,false,true
0xcea3...b050,5,8,false,true
0x579a...d5e5,3,8,false,true
0xbf86...74cb,3,8,false,true
0x32e6...154c,4,8,false,true
0xd5ea...6b0d,5,8,false,true
0x5d1a...b6e3,3,8,false,true
0x5a01...0760,3,8,false,true
0x91b9...5d48,5,8,false,true
0x9b8e...6f68,5,8,false,true
0x607c...393d,4,8,false,true
0xe209...242f,5,8,false,true
0x058a...b4e1,5,8,false,true
0x833d...29bf,3,8,false,true
0x409b...9f00,5,8,false,true
0x6d34...e4a4,4,8,false,true
0x30d9...f7cb,4,8,false,true
0xc20d...ff31,5,8,false,true
0x51bd...dd53,5,8,false,true
0x0ebf...cced,5,8,false,true
0x5bb0...10a8,5,8,false,true
0xbdcb...0e9d,4,8,false,true
0x30ee...19e7,5,8,false,true
0x127c...5811,5,8,false,true
0xe5c3...20b6,5,8,false,true
0x26de...8fcf,5,8,false,true
0xd5b5...6d37,5,8,false,true
0x4f3f...4a31,5,8,false,true
0x1eb9...9854,5,8,false,true
0x6a75...f6c0,4,8,false,true
0x0d51...d862,4,8,false,true
0x4b54...36a0,4,8,false,true
0x6fbb...6167,4,8,false,true
0xacbb...0e5a,4,8,false,true
0x045d...e696,5,8,false,true
0x1ca8...1f2a,5,8,false,true
0x4e9b...39d6,5,8,false,true
0x7161...120e,5,8,false,true
0xf4c4...ef5c,5,8,false,true
0x38ed...7314,5,8,false,true
0xce6d...6059,5,8,false,true
0x9702...7664,5,8,false,true
0xa8dd...78f7,4,8,false,true
0x9bcd...d353,5,8,false,true
0x23c7...7f2d,5,8,false,true
0xde8f...198b,5,8,false,true
0xf4e7...4715,5,8,false,true
0xbb2d...5fd4,5,8,false,true
0xaa6b...a173,5,8,false,true
0xeb20...6eaa,5,8,false,true
0x121d...c702,5,8,false,true
0x6c17...a444,4,8,false,true
0x89e4...c382,5,8,false,true
0x5466...f544,4,8,false,true
0x448b...7f83,5,8,false,true
0x2a58...d205,5,8,false,true
0xf0ce...5cd8,5,8,false,true
0x3719...215c,5,8,false,true
0x77e3...3026,5,8,false,true
0x6e42...34c0,5,8,false,true
0x3aab...f261,5,8,false,true
0xa95f...d3de,4,8,false,true
0x7a71...ef5c,5,8,false,true
0xb30f...cb8d,4,8,false,true
0x82b7...369e,5,8,false,true
0xa0a6...5644,5,8,false,true
0x006f...60ee,5,8,false,true
0x0290...2271,5,8,false,true
0xa3dc...07b2,4,8,false,true
0x7c0d...2e22,5,8,false,true
0x0d97...56d1,5,8,false,true
0x44c9...e42e,4,8,false,true
0x844e...b353,4,8,false,true
0xcbfd...ceb4,5,8,false,true
0xe859...05af,4,8,false,true
0x8016...c8b6,4,8,false,true
0xb5e6...94f2,5,8,false,true
0x0837...d50f,5,8,false,true
0xdba5...ba62,5,8,false,true
0x8f99...3fe9,5,8,false,true
0xb223...9f2c,5,8,false,true
0x52c2...fac9,5,8,false,true
0x7e5e...7eb6,5,8,false,true
0xfa10...7714,5,8,false,true
0x23f8...0724,5,8,false,true
0xc815...10dc,5,8,false,true
0xf6dc...068d,5,8,false,true
0x140e...d5aa,4,8,false,true
0x7af5...40ec,5,8,false,true
0xd8d0...4477,5,8,false,true
0xb1c8...7eae,4,8,false,true
0x639c...621d,5,8,false,true
0x8c08...a1fc,5,8,false,true
0x685c...8bc9,4,8,false,true
0x3aed...091a,5,8,false,true
0xc515...29e3,5,8,false,true
0xc159...69c8,5,8,false,true
0x1671...3aba,4,8,false,true
0x630c...1010,5,8,false,true
0x2d7e...fb97,5,8,false,true
0x193a...e8ac,5,9,false,true
0x0885...9526,5,9,false,true
0x1dc1...8a20,5,9,false,true
0x277e...933a,5,9,false,true
0xf80c...d6ca,5,9,false,true
0x13e0...95b3,5,9,false,true
0x94d5...1116,5,9,false,true
0x4e9c...6d06,5,9,false,true
0x68a1...23cc,5,9,false,true
0x4ba1...213e,5,9,false,true
0x608b...dc47,4,9,false,true
0xe5f4...a171,5,9,false,true
0x80d5...ef9a,5,9,false,true
0x8e8b...a22c,5,9,false,true
0x6932...1424,5,9,false,true
0x71ec...d3be,5,9,false,true
0x5dc3...a310,5,9,false,true
0xf052...c987,5,9,false,true
0xf002...dd0e,5,9,false,true
0x3c08...8218,5,9,false,true
0x9057...9185,5,9,false,true
0x1e59...86b1,5,9,false,true
0xef18...4391,5,9,false,true
0xb73a...4568,4,9,false,true
0x21fe...7a02,5,9,false,true
0x4a9c...cb66,5,9,false,true
0x8fb0...b198,5,9,false,true
0x5bff...9ef5,5,9,false,true
0xa538...8c0e,5,9,false,true
0xdb90...e275,5,9,false,true
0xd2f1...9a08,5,9,false,true
0xf775...dbe8,5,9,false,true
0x6b75...3987,5,9,false,true
0x2d9c...61e8,5,9,false,true
0x794c...7bbe,5,9,false,true
0xb607...4e40,5,9,false,true
0xfcca...45a6,5,9,false,true
0x4502...ba5e,5,9,false,true
0xe679...d775,5,9,false,true
0xb83d...cc34,5,9,false,true
0xf0a2...3e07,5,9,false,true
0xa55f...d148,5,9,false,true
0xa415...5205,5,9,false,true
0xac84...8ca1,5,9,false,true
0x8cec...4805,5,9,false,true
0x1536...221e,5,9,false,true
0xf31c...8a7f,5,9,false,true
0xef59...d3db,5,9,false,true
0x98c4...7b5f,5,9,false,true
0x960d...f00f,5,9,false,true
0xb1ac...3a56,5,9,false,true
0xda19...7fea,5,9,false,true
0x3265...6426,5,9,false,true
0x2a1b...923a,5,9,false,true
0xdc9c...7484,5,9,false,true
0x3fb9...80b2,5,9,false,true
0x8b78...ec8b,5,9,false,true
0xa3dd...d063,5,9,false,true
0x2443...3332,5,9,false,true
0x38e8...2d08,5,9,false,true
0x495e...d23b,5,9,false,true
0xfa2e...d5b6,5,9,false,true